Time[s], MOSI, Data/Command, SCK, NSS, Channel 4, Channel 5, Channel 6, Channel 7
-0.100000000000000, 1, 1, 1, 1, 1, 1, 1, 1
-0.000080416666667, 1, 0, 1, 1, 1, 1, 1, 1
-0.000003458333333, 1, 1, 1, 1, 1, 1, 1, 1
0.000000000000000, 0, 1, 0, 1, 1, 1, 1, 1
0.000000666666667, 0, 1, 1, 1, 1, 1, 1, 1
0.000000708333333, 0, 1, 0, 1, 1, 1, 1, 1
0.000000791666667, 0, 1, 1, 1, 1, 1, 1, 1
0.000000833333333, 1, 1, 0, 1, 1, 1, 1, 1
0.000000875000000, 1, 1, 1, 1, 1, 1, 1, 1
0.000000916666667, 0, 1, 1, 1, 1, 1, 1, 1
0.000000958333333, 0, 1, 0, 1, 1, 1, 1, 1
0.000001000000000, 0, 1, 1, 1, 1, 1, 1, 1
0.000001083333333, 1, 1, 0, 1, 1, 1, 1, 1
0.000001125000000, 1, 1, 1, 1, 1, 1, 1, 1
0.000001166666667, 0, 1, 0, 1, 1, 1, 1, 1
0.000010583333333, 1, 1, 0, 1, 1, 1, 1, 1
0.000010708333333, 1, 1, 1, 1, 1, 1, 1, 1
0.000010750000000, 0, 1, 0, 1, 1, 1, 1, 1
0.000010791666667, 0, 1, 1, 1, 1, 1, 1, 1
0.000010833333333, 1, 1, 1, 1, 1, 1, 1, 1
0.000010875000000, 1, 1, 0, 1, 1, 1, 1, 1
0.000010916666667, 1, 1, 1, 1, 1, 1, 1, 1
0.000010958333333, 0, 1, 0, 1, 1, 1, 1, 1
0.000011041666667, 0, 1, 1, 1, 1, 1, 1, 1
0.000011083333333, 0, 1, 0, 1, 1, 1, 1, 1
0.000011125000000, 1, 1, 0, 1, 1, 1, 1, 1
0.000011166666667, 1, 1, 1, 1, 1, 1, 1, 1
0.000011208333333, 1, 1, 0, 1, 1, 1, 1, 1
0.000016958333333, 1, 0, 0, 1, 1, 1, 1, 1
0.000020750000000, 0, 0, 0, 1, 1, 1, 1, 1
0.000020875000000, 0, 0, 1, 1, 1, 1, 1, 1
0.000020958333333, 0, 0, 0, 1, 1, 1, 1, 1
0.000021000000000, 0, 0, 1, 1, 1, 1, 1, 1
0.000021041666667, 0, 0, 0, 1, 1, 1, 1, 1
0.000021125000000, 0, 0, 1, 1, 1, 1, 1, 1
0.000021166666667, 1, 0, 1, 1, 1, 1, 1, 1
0.000021208333333, 0, 0, 0, 1, 1, 1, 1, 1
0.000021250000000, 0, 0, 1, 1, 1, 1, 1, 1
0.000021291666667, 1, 0, 0, 1, 1, 1, 1, 1
0.000021333333333, 0, 0, 0, 1, 1, 1, 1, 1
0.000026291666667, 0, 1, 0, 1, 1, 1, 1, 1
0.000028041666667, 0, 0, 0, 1, 1, 1, 1, 1
0.000031958333333, 0, 0, 1, 1, 1, 1, 1, 1
0.000032041666667, 1, 0, 0, 1, 1, 1, 1, 1
0.000032083333333, 1, 0, 1, 1, 1, 1, 1, 1
0.000032166666667, 1, 0, 0, 1, 1, 1, 1, 1
0.000032208333333, 1, 0, 1, 1, 1, 1, 1, 1
0.000032291666667, 0, 0, 0, 1, 1, 1, 1, 1
0.000032333333333, 0, 0, 1, 1, 1, 1, 1, 1
0.000032375000000, 0, 0, 0, 1, 1, 1, 1, 1
0.000037375000000, 0, 1, 0, 1, 1, 1, 1, 1
0.000039166666667, 0, 0, 0, 1, 1, 1, 1, 1
0.000043041666667, 0, 0, 1, 1, 1, 1, 1, 1
0.000043125000000, 1, 0, 0, 1, 1, 1, 1, 1
0.000043166666667, 1, 0, 1, 1, 1, 1, 1, 1
0.000043250000000, 1, 0, 0, 1, 1, 1, 1, 1
0.000043291666667, 1, 0, 1, 1, 1, 1, 1, 1
0.000043375000000, 0, 0, 0, 1, 1, 1, 1, 1
0.000043416666667, 0, 0, 1, 1, 1, 1, 1, 1
0.000043500000000, 0, 0, 0, 1, 1, 1, 1, 1
0.000048458333333, 0, 1, 0, 1, 1, 1, 1, 1
0.000053875000000, 1, 1, 0, 1, 1, 1, 1, 1
0.000054000000000, 1, 1, 1, 1, 1, 1, 1, 1
0.000054041666667, 0, 1, 1, 1, 1, 1, 1, 1
0.000054083333333, 1, 1, 0, 1, 1, 1, 1, 1
0.000054125000000, 1, 1, 1, 1, 1, 1, 1, 1
0.000054208333333, 0, 1, 0, 1, 1, 1, 1, 1
0.000054250000000, 0, 1, 1, 1, 1, 1, 1, 1
0.000054333333333, 1, 1, 0, 1, 1, 1, 1, 1
0.000054375000000, 1, 1, 1, 1, 1, 1, 1, 1
0.000054416666667, 0, 1, 1, 1, 1, 1, 1, 1
0.000054458333333, 1, 1, 0, 1, 1, 1, 1, 1
0.000060250000000, 1, 0, 0, 1, 1, 1, 1, 1
0.000064000000000, 0, 0, 0, 1, 1, 1, 1, 1
0.000064125000000, 0, 0, 1, 1, 1, 1, 1, 1
0.000064166666667, 0, 0, 0, 1, 1, 1, 1, 1
0.000064208333333, 0, 0, 1, 1, 1, 1, 1, 1
0.000064291666667, 0, 0, 0, 1, 1, 1, 1, 1
0.000064333333333, 0, 0, 1, 1, 1, 1, 1, 1
0.000064416666667, 1, 0, 0, 1, 1, 1, 1, 1
0.000064458333333, 1, 0, 1, 1, 1, 1, 1, 1
0.000064500000000, 0, 0, 1, 1, 1, 1, 1, 1
0.000064541666667, 1, 0, 0, 1, 1, 1, 1, 1
0.000064583333333, 1, 0, 1, 1, 1, 1, 1, 1
0.000064625000000, 0, 0, 0, 1, 1, 1, 1, 1
0.000069541666667, 0, 1, 0, 1, 1, 1, 1, 1
0.000071333333333, 0, 0, 0, 1, 1, 1, 1, 1
0.000075208333333, 0, 0, 1, 1, 1, 1, 1, 1
0.000075250000000, 0, 0, 0, 1, 1, 1, 1, 1
0.000075333333333, 1, 0, 1, 1, 1, 1, 1, 1
0.000075375000000, 1, 0, 0, 1, 1, 1, 1, 1
0.000075416666667, 1, 0, 1, 1, 1, 1, 1, 1
0.000075500000000, 1, 0, 0, 1, 1, 1, 1, 1
0.000075541666667, 1, 0, 1, 1, 1, 1, 1, 1
0.000075583333333, 0, 0, 1, 1, 1, 1, 1, 1
0.000075625000000, 0, 0, 0, 1, 1, 1, 1, 1
0.000075666666667, 0, 0, 1, 1, 1, 1, 1, 1
0.000075708333333, 0, 0, 0, 1, 1, 1, 1, 1
0.000080625000000, 0, 1, 0, 1, 1, 1, 1, 1
0.000082416666667, 0, 0, 0, 1, 1, 1, 1, 1
0.000086291666667, 0, 0, 1, 1, 1, 1, 1, 1
0.000086333333333, 0, 0, 0, 1, 1, 1, 1, 1
0.000086375000000, 1, 0, 0, 1, 1, 1, 1, 1
0.000086416666667, 1, 0, 1, 1, 1, 1, 1, 1
0.000086458333333, 1, 0, 0, 1, 1, 1, 1, 1
0.000086541666667, 1, 0, 1, 1, 1, 1, 1, 1
0.000086583333333, 1, 0, 0, 1, 1, 1, 1, 1
0.000086666666667, 0, 0, 1, 1, 1, 1, 1, 1
0.000086708333333, 0, 0, 0, 1, 1, 1, 1, 1
0.000091708333333, 0, 1, 0, 1, 1, 1, 1, 1
0.000097125000000, 1, 1, 0, 1, 1, 1, 1, 1
0.000097250000000, 1, 1, 1, 1, 1, 1, 1, 1
0.000097291666667, 0, 1, 0, 1, 1, 1, 1, 1
0.000097333333333, 1, 1, 0, 1, 1, 1, 1, 1
0.000097375000000, 1, 1, 1, 1, 1, 1, 1, 1
0.000097416666667, 1, 1, 0, 1, 1, 1, 1, 1
0.000097500000000, 0, 1, 1, 1, 1, 1, 1, 1
0.000097541666667, 0, 1, 0, 1, 1, 1, 1, 1
0.000097583333333, 1, 1, 0, 1, 1, 1, 1, 1
0.000097625000000, 1, 1, 1, 1, 1, 1, 1, 1
0.000097666666667, 1, 1, 0, 1, 1, 1, 1, 1
0.000103500000000, 1, 0, 0, 1, 1, 1, 1, 1
0.000107291666667, 0, 0, 0, 1, 1, 1, 1, 1
0.000107458333333, 0, 0, 1, 1, 1, 1, 1, 1
0.000107500000000, 0, 0, 0, 1, 1, 1, 1, 1
0.000107583333333, 0, 0, 1, 1, 1, 1, 1, 1
0.000107625000000, 0, 0, 0, 1, 1, 1, 1, 1
0.000107666666667, 1, 0, 0, 1, 1, 1, 1, 1
0.000107708333333, 1, 0, 1, 1, 1, 1, 1, 1
0.000107750000000, 0, 0, 0, 1, 1, 1, 1, 1
0.000107791666667, 1, 0, 0, 1, 1, 1, 1, 1
0.000107833333333, 1, 0, 1, 1, 1, 1, 1, 1
0.000107875000000, 0, 0, 0, 1, 1, 1, 1, 1
0.000112833333333, 0, 1, 0, 1, 1, 1, 1, 1
0.000114583333333, 0, 0, 0, 1, 1, 1, 1, 1
0.000118541666667, 0, 0, 1, 1, 1, 1, 1, 1
0.000118583333333, 1, 0, 0, 1, 1, 1, 1, 1
0.000118666666667, 1, 0, 1, 1, 1, 1, 1, 1
0.000118708333333, 1, 0, 0, 1, 1, 1, 1, 1
0.000118791666667, 1, 0, 1, 1, 1, 1, 1, 1
0.000118833333333, 0, 0, 0, 1, 1, 1, 1, 1
0.000118916666667, 0, 0, 1, 1, 1, 1, 1, 1
0.000118958333333, 0, 0, 0, 1, 1, 1, 1, 1
0.000123916666667, 0, 1, 0, 1, 1, 1, 1, 1
0.000125666666667, 0, 0, 0, 1, 1, 1, 1, 1
0.000129625000000, 0, 0, 1, 1, 1, 1, 1, 1
0.000129666666667, 1, 0, 0, 1, 1, 1, 1, 1
0.000129750000000, 1, 0, 1, 1, 1, 1, 1, 1
0.000129791666667, 1, 0, 0, 1, 1, 1, 1, 1
0.000129875000000, 1, 0, 1, 1, 1, 1, 1, 1
0.000129916666667, 0, 0, 0, 1, 1, 1, 1, 1
0.000130000000000, 0, 0, 1, 1, 1, 1, 1, 1
0.000130041666667, 0, 0, 0, 1, 1, 1, 1, 1
0.000135000000000, 0, 1, 0, 1, 1, 1, 1, 1
0.000136750000000, 0, 0, 0, 1, 1, 1, 1, 1
0.000140708333333, 0, 0, 1, 1, 1, 1, 1, 1
0.000140750000000, 0, 0, 0, 1, 1, 1, 1, 1
0.000140833333333, 0, 0, 1, 1, 1, 1, 1, 1
0.000140875000000, 0, 0, 0, 1, 1, 1, 1, 1
0.000140916666667, 1, 0, 0, 1, 1, 1, 1, 1
0.000140958333333, 1, 0, 1, 1, 1, 1, 1, 1
0.000141000000000, 0, 0, 0, 1, 1, 1, 1, 1
0.000141041666667, 1, 0, 0, 1, 1, 1, 1, 1
0.000141083333333, 1, 0, 1, 1, 1, 1, 1, 1
0.000141125000000, 0, 0, 0, 1, 1, 1, 1, 1
0.000146083333333, 0, 1, 0, 1, 1, 1, 1, 1
0.000147833333333, 0, 0, 0, 1, 1, 1, 1, 1
0.000151791666667, 0, 0, 1, 1, 1, 1, 1, 1
0.000151833333333, 1, 0, 0, 1, 1, 1, 1, 1
0.000151916666667, 1, 0, 1, 1, 1, 1, 1, 1
0.000151958333333, 1, 0, 0, 1, 1, 1, 1, 1
0.000152041666667, 1, 0, 1, 1, 1, 1, 1, 1
0.000152083333333, 0, 0, 0, 1, 1, 1, 1, 1
0.000152166666667, 0, 0, 1, 1, 1, 1, 1, 1
0.000152208333333, 0, 0, 0, 1, 1, 1, 1, 1
0.000157125000000, 0, 1, 0, 1, 1, 1, 1, 1
0.000158916666667, 0, 0, 0, 1, 1, 1, 1, 1
0.000162791666667, 0, 0, 1, 1, 1, 1, 1, 1
0.000162833333333, 0, 0, 0, 1, 1, 1, 1, 1
0.000162875000000, 0, 0, 1, 1, 1, 1, 1, 1
0.000162916666667, 1, 0, 1, 1, 1, 1, 1, 1
0.000162958333333, 1, 0, 0, 1, 1, 1, 1, 1
0.000163000000000, 1, 0, 1, 1, 1, 1, 1, 1
0.000163083333333, 1, 0, 0, 1, 1, 1, 1, 1
0.000163125000000, 1, 0, 1, 1, 1, 1, 1, 1
0.000163166666667, 0, 0, 0, 1, 1, 1, 1, 1
0.000163250000000, 0, 0, 1, 1, 1, 1, 1, 1
0.000163291666667, 0, 0, 0, 1, 1, 1, 1, 1
0.000168208333333, 0, 1, 0, 1, 1, 1, 1, 1
0.000173625000000, 1, 1, 0, 1, 1, 1, 1, 1
0.000173750000000, 1, 1, 1, 1, 1, 1, 1, 1
0.000173791666667, 0, 1, 0, 1, 1, 1, 1, 1
0.000173833333333, 0, 1, 1, 1, 1, 1, 1, 1
0.000173875000000, 1, 1, 1, 1, 1, 1, 1, 1
0.000173916666667, 1, 1, 0, 1, 1, 1, 1, 1
0.000173958333333, 1, 1, 1, 1, 1, 1, 1, 1
0.000174000000000, 0, 1, 1, 1, 1, 1, 1, 1
0.000174041666667, 1, 1, 0, 1, 1, 1, 1, 1
0.000174083333333, 1, 1, 1, 1, 1, 1, 1, 1
0.000174125000000, 0, 1, 1, 1, 1, 1, 1, 1
0.000174166666667, 0, 1, 0, 1, 1, 1, 1, 1
0.000174208333333, 0, 1, 1, 1, 1, 1, 1, 1
0.000174250000000, 1, 1, 0, 1, 1, 1, 1, 1
0.000180000000000, 1, 0, 0, 1, 1, 1, 1, 1
0.000183791666667, 0, 0, 0, 1, 1, 1, 1, 1
0.000183916666667, 0, 0, 1, 1, 1, 1, 1, 1
0.000184000000000, 0, 0, 0, 1, 1, 1, 1, 1
0.000184041666667, 0, 0, 1, 1, 1, 1, 1, 1
0.000184125000000, 0, 0, 0, 1, 1, 1, 1, 1
0.000184166666667, 0, 0, 1, 1, 1, 1, 1, 1
0.000184250000000, 1, 0, 0, 1, 1, 1, 1, 1
0.000184291666667, 1, 0, 1, 1, 1, 1, 1, 1
0.000184375000000, 0, 0, 0, 1, 1, 1, 1, 1
0.000189333333333, 0, 1, 0, 1, 1, 1, 1, 1
0.000194750000000, 1, 1, 0, 1, 1, 1, 1, 1
0.000194875000000, 1, 1, 1, 1, 1, 1, 1, 1
0.000194958333333, 0, 1, 0, 1, 1, 1, 1, 1
0.000195000000000, 0, 1, 1, 1, 1, 1, 1, 1
0.000195083333333, 0, 1, 0, 1, 1, 1, 1, 1
0.000195125000000, 0, 1, 1, 1, 1, 1, 1, 1
0.000195208333333, 0, 1, 0, 1, 1, 1, 1, 1
0.000195250000000, 0, 1, 1, 1, 1, 1, 1, 1
0.000195333333333, 1, 1, 0, 1, 1, 1, 1, 1
0.000201125000000, 1, 0, 0, 1, 1, 1, 1, 1
0.000204875000000, 0, 0, 0, 1, 1, 1, 1, 1
0.000205000000000, 0, 0, 1, 1, 1, 1, 1, 1
0.000205041666667, 0, 0, 0, 1, 1, 1, 1, 1
0.000205083333333, 1, 0, 0, 1, 1, 1, 1, 1
0.000205125000000, 1, 0, 1, 1, 1, 1, 1, 1
0.000205166666667, 0, 0, 0, 1, 1, 1, 1, 1
0.000205208333333, 1, 0, 0, 1, 1, 1, 1, 1
0.000205250000000, 1, 0, 1, 1, 1, 1, 1, 1
0.000205291666667, 0, 0, 0, 1, 1, 1, 1, 1
0.000205375000000, 0, 0, 1, 1, 1, 1, 1, 1
0.000205416666667, 0, 0, 0, 1, 1, 1, 1, 1
0.000210416666667, 0, 1, 0, 1, 1, 1, 1, 1
0.000212208333333, 0, 0, 0, 1, 1, 1, 1, 1
0.000216083333333, 0, 0, 1, 1, 1, 1, 1, 1
0.000216125000000, 0, 0, 0, 1, 1, 1, 1, 1
0.000216208333333, 0, 0, 1, 1, 1, 1, 1, 1
0.000216250000000, 0, 0, 0, 1, 1, 1, 1, 1
0.000216291666667, 1, 0, 0, 1, 1, 1, 1, 1
0.000216333333333, 1, 0, 1, 1, 1, 1, 1, 1
0.000216375000000, 0, 0, 0, 1, 1, 1, 1, 1
0.000216458333333, 0, 0, 1, 1, 1, 1, 1, 1
0.000216500000000, 0, 0, 0, 1, 1, 1, 1, 1
0.000221500000000, 0, 1, 0, 1, 1, 1, 1, 1
0.000223250000000, 0, 0, 0, 1, 1, 1, 1, 1
0.000227166666667, 0, 0, 1, 1, 1, 1, 1, 1
0.000227208333333, 0, 0, 0, 1, 1, 1, 1, 1
0.000227291666667, 0, 0, 1, 1, 1, 1, 1, 1
0.000227333333333, 0, 0, 0, 1, 1, 1, 1, 1
0.000227416666667, 0, 0, 1, 1, 1, 1, 1, 1
0.000227458333333, 1, 0, 0, 1, 1, 1, 1, 1
0.000227500000000, 0, 0, 0, 1, 1, 1, 1, 1
0.000227541666667, 0, 0, 1, 1, 1, 1, 1, 1
0.000227583333333, 0, 0, 0, 1, 1, 1, 1, 1
0.000232583333333, 0, 1, 0, 1, 1, 1, 1, 1
0.000238000000000, 1, 1, 0, 1, 1, 1, 1, 1
0.000238125000000, 1, 1, 1, 1, 1, 1, 1, 1
0.000238208333333, 0, 1, 0, 1, 1, 1, 1, 1
0.000238250000000, 0, 1, 1, 1, 1, 1, 1, 1
0.000238333333333, 0, 1, 0, 1, 1, 1, 1, 1
0.000238375000000, 0, 1, 1, 1, 1, 1, 1, 1
0.000238458333333, 0, 1, 0, 1, 1, 1, 1, 1
0.000238500000000, 0, 1, 1, 1, 1, 1, 1, 1
0.000238541666667, 1, 1, 1, 1, 1, 1, 1, 1
0.000238583333333, 1, 1, 0, 1, 1, 1, 1, 1
0.000244375000000, 1, 0, 0, 1, 1, 1, 1, 1
0.000248250000000, 1, 0, 1, 1, 1, 1, 1, 1
0.000248291666667, 1, 0, 0, 1, 1, 1, 1, 1
0.000248333333333, 1, 0, 1, 1, 1, 1, 1, 1
0.000248375000000, 0, 0, 1, 1, 1, 1, 1, 1
0.000248416666667, 0, 0, 0, 1, 1, 1, 1, 1
0.000248458333333, 0, 0, 1, 1, 1, 1, 1, 1
0.000248541666667, 0, 0, 0, 1, 1, 1, 1, 1
0.000248583333333, 0, 0, 1, 1, 1, 1, 1, 1
0.000248666666667, 0, 0, 0, 1, 1, 1, 1, 1
0.000248708333333, 0, 0, 1, 1, 1, 1, 1, 1
0.000248750000000, 1, 0, 0, 1, 1, 1, 1, 1
0.000253666666667, 1, 1, 0, 1, 1, 1, 1, 1
0.000259208333333, 1, 1, 1, 1, 1, 1, 1, 1
0.000259250000000, 1, 1, 0, 1, 1, 1, 1, 1
0.000259333333333, 0, 1, 1, 1, 1, 1, 1, 1
0.000259375000000, 0, 1, 0, 1, 1, 1, 1, 1
0.000259416666667, 0, 1, 1, 1, 1, 1, 1, 1
0.000259500000000, 0, 1, 0, 1, 1, 1, 1, 1
0.000259583333333, 1, 1, 1, 1, 1, 1, 1, 1
0.000259625000000, 0, 1, 0, 1, 1, 1, 1, 1
0.000259666666667, 0, 1, 1, 1, 1, 1, 1, 1
0.000259708333333, 1, 1, 0, 1, 1, 1, 1, 1
0.000265458333333, 1, 0, 0, 1, 1, 1, 1, 1
0.000269250000000, 0, 0, 0, 1, 1, 1, 1, 1
0.000269416666667, 0, 0, 1, 1, 1, 1, 1, 1
0.000269458333333, 0, 0, 0, 1, 1, 1, 1, 1
0.000269541666667, 0, 0, 1, 1, 1, 1, 1, 1
0.000269583333333, 1, 0, 0, 1, 1, 1, 1, 1
0.000269666666667, 1, 0, 1, 1, 1, 1, 1, 1
0.000269708333333, 0, 0, 0, 1, 1, 1, 1, 1
0.000269750000000, 1, 0, 0, 1, 1, 1, 1, 1
0.000269791666667, 1, 0, 1, 1, 1, 1, 1, 1
0.000269833333333, 0, 0, 0, 1, 1, 1, 1, 1
0.000274791666667, 0, 1, 0, 1, 1, 1, 1, 1
0.000276541666667, 0, 0, 0, 1, 1, 1, 1, 1
0.000280500000000, 0, 0, 1, 1, 1, 1, 1, 1
0.000280541666667, 0, 0, 0, 1, 1, 1, 1, 1
0.000280625000000, 0, 0, 1, 1, 1, 1, 1, 1
0.000280666666667, 0, 0, 0, 1, 1, 1, 1, 1
0.000280750000000, 0, 0, 1, 1, 1, 1, 1, 1
0.000280791666667, 0, 0, 0, 1, 1, 1, 1, 1
0.000280875000000, 0, 0, 1, 1, 1, 1, 1, 1
0.000280916666667, 0, 0, 0, 1, 1, 1, 1, 1
0.000285875000000, 0, 1, 0, 1, 1, 1, 1, 1
0.000291250000000, 1, 1, 0, 1, 1, 1, 1, 1
0.000291458333333, 1, 1, 1, 1, 1, 1, 1, 1
0.000291500000000, 0, 1, 0, 1, 1, 1, 1, 1
0.000291583333333, 0, 1, 1, 1, 1, 1, 1, 1
0.000291625000000, 0, 1, 0, 1, 1, 1, 1, 1
0.000291708333333, 0, 1, 1, 1, 1, 1, 1, 1
0.000291750000000, 1, 1, 0, 1, 1, 1, 1, 1
0.000291833333333, 1, 1, 1, 1, 1, 1, 1, 1
0.000291875000000, 1, 1, 0, 1, 1, 1, 1, 1
0.000297625000000, 1, 0, 0, 1, 1, 1, 1, 1
0.000301541666667, 1, 0, 1, 1, 1, 1, 1, 1
0.000301583333333, 0, 0, 1, 1, 1, 1, 1, 1
0.000301625000000, 0, 0, 0, 1, 1, 1, 1, 1
0.000301666666667, 0, 0, 1, 1, 1, 1, 1, 1
0.000301750000000, 1, 0, 0, 1, 1, 1, 1, 1
0.000301791666667, 1, 0, 1, 1, 1, 1, 1, 1
0.000301875000000, 0, 0, 0, 1, 1, 1, 1, 1
0.000301916666667, 0, 0, 1, 1, 1, 1, 1, 1
0.000301958333333, 1, 0, 1, 1, 1, 1, 1, 1
0.000302000000000, 1, 0, 0, 1, 1, 1, 1, 1
0.000306958333333, 1, 1, 0, 1, 1, 1, 1, 1
0.000308708333333, 1, 0, 0, 1, 1, 1, 1, 1
0.000312500000000, 0, 0, 0, 1, 1, 1, 1, 1
0.000312625000000, 0, 0, 1, 1, 1, 1, 1, 1
0.000312708333333, 1, 0, 0, 1, 1, 1, 1, 1
0.000312750000000, 1, 0, 1, 1, 1, 1, 1, 1
0.000312791666667, 0, 0, 1, 1, 1, 1, 1, 1
0.000312833333333, 1, 0, 0, 1, 1, 1, 1, 1
0.000312875000000, 1, 0, 1, 1, 1, 1, 1, 1
0.000312916666667, 0, 0, 1, 1, 1, 1, 1, 1
0.000312958333333, 1, 0, 0, 1, 1, 1, 1, 1
0.000313000000000, 1, 0, 1, 1, 1, 1, 1, 1
0.000313041666667, 0, 0, 1, 1, 1, 1, 1, 1
0.000313083333333, 0, 0, 0, 1, 1, 1, 1, 1
0.000318041666667, 0, 1, 0, 1, 1, 1, 1, 1
0.000323458333333, 1, 1, 0, 1, 1, 1, 1, 1
0.000323583333333, 1, 1, 1, 1, 1, 1, 1, 1
0.000323666666667, 0, 1, 0, 1, 1, 1, 1, 1
0.000323708333333, 0, 1, 1, 1, 1, 1, 1, 1
0.000323791666667, 0, 1, 0, 1, 1, 1, 1, 1
0.000323833333333, 0, 1, 1, 1, 1, 1, 1, 1
0.000323875000000, 1, 1, 1, 1, 1, 1, 1, 1
0.000323916666667, 0, 1, 0, 1, 1, 1, 1, 1
0.000323958333333, 0, 1, 1, 1, 1, 1, 1, 1
0.000324041666667, 1, 1, 0, 1, 1, 1, 1, 1
0.000329833333333, 1, 0, 0, 1, 1, 1, 1, 1
0.000333708333333, 1, 0, 1, 1, 1, 1, 1, 1
0.000333750000000, 0, 0, 0, 1, 1, 1, 1, 1
0.000333833333333, 0, 0, 1, 1, 1, 1, 1, 1
0.000333875000000, 0, 0, 0, 1, 1, 1, 1, 1
0.000333916666667, 1, 0, 0, 1, 1, 1, 1, 1
0.000333958333333, 1, 0, 1, 1, 1, 1, 1, 1
0.000334000000000, 1, 0, 0, 1, 1, 1, 1, 1
0.000334041666667, 0, 0, 0, 1, 1, 1, 1, 1
0.000334083333333, 0, 0, 1, 1, 1, 1, 1, 1
0.000334125000000, 1, 0, 0, 1, 1, 1, 1, 1
0.000339125000000, 1, 1, 0, 1, 1, 1, 1, 1
0.000340916666667, 1, 0, 0, 1, 1, 1, 1, 1
0.000344791666667, 1, 0, 1, 1, 1, 1, 1, 1
0.000344833333333, 1, 0, 0, 1, 1, 1, 1, 1
0.000344916666667, 1, 0, 1, 1, 1, 1, 1, 1
0.000344958333333, 0, 0, 0, 1, 1, 1, 1, 1
0.000345000000000, 1, 0, 0, 1, 1, 1, 1, 1
0.000345041666667, 1, 0, 1, 1, 1, 1, 1, 1
0.000345083333333, 1, 0, 0, 1, 1, 1, 1, 1
0.000345166666667, 1, 0, 1, 1, 1, 1, 1, 1
0.000345208333333, 0, 0, 0, 1, 1, 1, 1, 1
0.000345250000000, 1, 0, 0, 1, 1, 1, 1, 1
0.000350208333333, 1, 1, 0, 1, 1, 1, 1, 1
0.000355750000000, 1, 1, 1, 1, 1, 1, 1, 1
0.000355833333333, 0, 1, 0, 1, 1, 1, 1, 1
0.000355875000000, 0, 1, 1, 1, 1, 1, 1, 1
0.000355958333333, 0, 1, 0, 1, 1, 1, 1, 1
0.000356000000000, 0, 1, 1, 1, 1, 1, 1, 1
0.000356041666667, 1, 1, 1, 1, 1, 1, 1, 1
0.000356083333333, 0, 1, 0, 1, 1, 1, 1, 1
0.000356125000000, 0, 1, 1, 1, 1, 1, 1, 1
0.000356166666667, 1, 1, 1, 1, 1, 1, 1, 1
0.000356208333333, 1, 1, 0, 1, 1, 1, 1, 1
0.000362000000000, 1, 0, 0, 1, 1, 1, 1, 1
0.000365750000000, 0, 0, 0, 1, 1, 1, 1, 1
0.000365875000000, 0, 0, 1, 1, 1, 1, 1, 1
0.000365916666667, 0, 0, 0, 1, 1, 1, 1, 1
0.000365958333333, 0, 0, 1, 1, 1, 1, 1, 1
0.000366041666667, 1, 0, 0, 1, 1, 1, 1, 1
0.000366083333333, 1, 0, 1, 1, 1, 1, 1, 1
0.000366166666667, 0, 0, 0, 1, 1, 1, 1, 1
0.000366208333333, 0, 0, 1, 1, 1, 1, 1, 1
0.000366250000000, 1, 0, 1, 1, 1, 1, 1, 1
0.000366291666667, 0, 0, 0, 1, 1, 1, 1, 1
0.000366333333333, 0, 0, 1, 1, 1, 1, 1, 1
0.000366375000000, 0, 0, 0, 1, 1, 1, 1, 1
0.000371291666667, 0, 1, 0, 1, 1, 1, 1, 1
0.000376833333333, 0, 1, 1, 1, 1, 1, 1, 1
0.000376875000000, 0, 1, 0, 1, 1, 1, 1, 1
0.000376916666667, 0, 1, 1, 1, 1, 1, 1, 1
0.000376958333333, 1, 1, 1, 1, 1, 1, 1, 1
0.000377000000000, 1, 1, 0, 1, 1, 1, 1, 1
0.000377041666667, 1, 1, 1, 1, 1, 1, 1, 1
0.000377083333333, 0, 1, 1, 1, 1, 1, 1, 1
0.000377125000000, 1, 1, 0, 1, 1, 1, 1, 1
0.000377166666667, 1, 1, 1, 1, 1, 1, 1, 1
0.000377250000000, 0, 1, 0, 1, 1, 1, 1, 1
0.000377291666667, 0, 1, 1, 1, 1, 1, 1, 1
0.000377333333333, 0, 1, 0, 1, 1, 1, 1, 1
0.000383083333333, 0, 0, 0, 1, 1, 1, 1, 1
0.000386875000000, 1, 0, 0, 1, 1, 1, 1, 1
0.000387041666667, 1, 0, 1, 1, 1, 1, 1, 1
0.000387083333333, 0, 0, 0, 1, 1, 1, 1, 1
0.000387166666667, 0, 0, 1, 1, 1, 1, 1, 1
0.000387208333333, 0, 0, 0, 1, 1, 1, 1, 1
0.000387291666667, 0, 0, 1, 1, 1, 1, 1, 1
0.000387333333333, 0, 0, 0, 1, 1, 1, 1, 1
0.000387416666667, 0, 0, 1, 1, 1, 1, 1, 1
0.000387458333333, 1, 0, 0, 1, 1, 1, 1, 1
0.000392416666667, 1, 1, 0, 1, 1, 1, 1, 1
0.000397916666667, 1, 1, 1, 1, 1, 1, 1, 1
0.000397958333333, 1, 1, 0, 1, 1, 1, 1, 1
0.000398000000000, 1, 1, 1, 1, 1, 1, 1, 1
0.000398041666667, 1, 1, 0, 1, 1, 1, 1, 1
0.000398083333333, 0, 1, 0, 1, 1, 1, 1, 1
0.000398125000000, 0, 1, 1, 1, 1, 1, 1, 1
0.000398166666667, 0, 1, 0, 1, 1, 1, 1, 1
0.000398250000000, 0, 1, 1, 1, 1, 1, 1, 1
0.000398291666667, 0, 1, 0, 1, 1, 1, 1, 1
0.000398375000000, 0, 1, 1, 1, 1, 1, 1, 1
0.000398416666667, 1, 1, 0, 1, 1, 1, 1, 1
0.000404166666667, 1, 0, 0, 1, 1, 1, 1, 1
0.000407958333333, 0, 0, 0, 1, 1, 1, 1, 1
0.000408083333333, 0, 0, 1, 1, 1, 1, 1, 1
0.000408166666667, 0, 0, 0, 1, 1, 1, 1, 1
0.000408208333333, 0, 0, 1, 1, 1, 1, 1, 1
0.000408291666667, 0, 0, 0, 1, 1, 1, 1, 1
0.000408333333333, 0, 0, 1, 1, 1, 1, 1, 1
0.000408375000000, 1, 0, 1, 1, 1, 1, 1, 1
0.000408416666667, 0, 0, 0, 1, 1, 1, 1, 1
0.000408458333333, 0, 0, 1, 1, 1, 1, 1, 1
0.000408541666667, 0, 0, 0, 1, 1, 1, 1, 1
0.000413500000000, 0, 1, 0, 1, 1, 1, 1, 1
0.000415250000000, 0, 0, 0, 1, 1, 1, 1, 1
0.000419166666667, 0, 0, 1, 1, 1, 1, 1, 1
0.000419250000000, 1, 0, 0, 1, 1, 1, 1, 1
0.000419291666667, 1, 0, 1, 1, 1, 1, 1, 1
0.000419333333333, 0, 0, 1, 1, 1, 1, 1, 1
0.000419375000000, 0, 0, 0, 1, 1, 1, 1, 1
0.000419416666667, 0, 0, 1, 1, 1, 1, 1, 1
0.000419500000000, 1, 0, 0, 1, 1, 1, 1, 1
0.000419541666667, 1, 0, 1, 1, 1, 1, 1, 1
0.000419583333333, 0, 0, 1, 1, 1, 1, 1, 1
0.000419625000000, 0, 0, 0, 1, 1, 1, 1, 1
0.000424583333333, 0, 1, 0, 1, 1, 1, 1, 1
0.000426333333333, 0, 0, 0, 1, 1, 1, 1, 1
0.000430291666667, 0, 0, 1, 1, 1, 1, 1, 1
0.000430333333333, 0, 0, 0, 1, 1, 1, 1, 1
0.000430416666667, 0, 0, 1, 1, 1, 1, 1, 1
0.000430458333333, 0, 0, 0, 1, 1, 1, 1, 1
0.000430500000000, 1, 0, 0, 1, 1, 1, 1, 1
0.000430541666667, 1, 0, 1, 1, 1, 1, 1, 1
0.000430583333333, 1, 0, 0, 1, 1, 1, 1, 1
0.000430666666667, 1, 0, 1, 1, 1, 1, 1, 1
0.000430708333333, 0, 0, 0, 1, 1, 1, 1, 1
0.000435666666667, 0, 1, 0, 1, 1, 1, 1, 1
0.000437416666667, 0, 0, 0, 1, 1, 1, 1, 1
0.000441291666667, 0, 0, 1, 1, 1, 1, 1, 1
0.000441333333333, 0, 0, 0, 1, 1, 1, 1, 1
0.000441375000000, 0, 0, 1, 1, 1, 1, 1, 1
0.000441416666667, 0, 0, 0, 1, 1, 1, 1, 1
0.000441500000000, 0, 0, 1, 1, 1, 1, 1, 1
0.000441541666667, 1, 0, 0, 1, 1, 1, 1, 1
0.000441583333333, 0, 0, 0, 1, 1, 1, 1, 1
0.000441625000000, 0, 0, 1, 1, 1, 1, 1, 1
0.000441666666667, 1, 0, 0, 1, 1, 1, 1, 1
0.000441708333333, 0, 0, 0, 1, 1, 1, 1, 1
0.000441750000000, 0, 0, 1, 1, 1, 1, 1, 1
0.000441791666667, 0, 0, 0, 1, 1, 1, 1, 1
0.000446708333333, 0, 1, 0, 1, 1, 1, 1, 1
0.000448500000000, 0, 0, 0, 1, 1, 1, 1, 1
0.000452458333333, 0, 0, 1, 1, 1, 1, 1, 1
0.000452500000000, 1, 0, 0, 1, 1, 1, 1, 1
0.000452541666667, 0, 0, 0, 1, 1, 1, 1, 1
0.000452583333333, 0, 0, 1, 1, 1, 1, 1, 1
0.000452625000000, 1, 0, 0, 1, 1, 1, 1, 1
0.000452708333333, 1, 0, 1, 1, 1, 1, 1, 1
0.000452750000000, 1, 0, 0, 1, 1, 1, 1, 1
0.000452791666667, 0, 0, 0, 1, 1, 1, 1, 1
0.000452833333333, 0, 0, 1, 1, 1, 1, 1, 1
0.000452875000000, 0, 0, 0, 1, 1, 1, 1, 1
0.000457791666667, 0, 1, 0, 1, 1, 1, 1, 1
0.000459583333333, 0, 0, 0, 1, 1, 1, 1, 1
0.000463458333333, 0, 0, 1, 1, 1, 1, 1, 1
0.000463500000000, 0, 0, 0, 1, 1, 1, 1, 1
0.000463541666667, 0, 0, 1, 1, 1, 1, 1, 1
0.000463583333333, 1, 0, 1, 1, 1, 1, 1, 1
0.000463625000000, 1, 0, 0, 1, 1, 1, 1, 1
0.000463666666667, 1, 0, 1, 1, 1, 1, 1, 1
0.000463708333333, 0, 0, 1, 1, 1, 1, 1, 1
0.000463750000000, 0, 0, 0, 1, 1, 1, 1, 1
0.000463791666667, 0, 0, 1, 1, 1, 1, 1, 1
0.000463875000000, 0, 0, 0, 1, 1, 1, 1, 1
0.000463916666667, 0, 0, 1, 1, 1, 1, 1, 1
0.000463958333333, 0, 0, 0, 1, 1, 1, 1, 1
0.000468875000000, 0, 1, 0, 1, 1, 1, 1, 1
0.000470666666667, 0, 0, 0, 1, 1, 1, 1, 1
0.000474541666667, 0, 0, 1, 1, 1, 1, 1, 1
0.000474583333333, 0, 0, 0, 1, 1, 1, 1, 1
0.000474625000000, 0, 0, 1, 1, 1, 1, 1, 1
0.000474666666667, 1, 0, 1, 1, 1, 1, 1, 1
0.000474708333333, 0, 0, 0, 1, 1, 1, 1, 1
0.000474750000000, 0, 0, 1, 1, 1, 1, 1, 1
0.000474833333333, 1, 0, 0, 1, 1, 1, 1, 1
0.000474875000000, 1, 0, 1, 1, 1, 1, 1, 1
0.000474916666667, 0, 0, 1, 1, 1, 1, 1, 1
0.000474958333333, 1, 0, 0, 1, 1, 1, 1, 1
0.000475000000000, 1, 0, 1, 1, 1, 1, 1, 1
0.000475041666667, 0, 0, 0, 1, 1, 1, 1, 1
0.000479958333333, 0, 1, 0, 1, 1, 1, 1, 1
0.000481750000000, 0, 0, 0, 1, 1, 1, 1, 1
0.000485625000000, 0, 0, 1, 1, 1, 1, 1, 1
0.000485666666667, 0, 0, 0, 1, 1, 1, 1, 1
0.000485708333333, 1, 0, 0, 1, 1, 1, 1, 1
0.000485750000000, 1, 0, 1, 1, 1, 1, 1, 1
0.000485791666667, 0, 0, 0, 1, 1, 1, 1, 1
0.000485833333333, 1, 0, 0, 1, 1, 1, 1, 1
0.000485875000000, 1, 0, 1, 1, 1, 1, 1, 1
0.000485916666667, 0, 0, 0, 1, 1, 1, 1, 1
0.000485958333333, 1, 0, 0, 1, 1, 1, 1, 1
0.000486000000000, 1, 0, 1, 1, 1, 1, 1, 1
0.000486041666667, 0, 0, 0, 1, 1, 1, 1, 1
0.000491041666667, 0, 1, 0, 1, 1, 1, 1, 1
0.000492833333333, 0, 0, 0, 1, 1, 1, 1, 1
0.000496708333333, 0, 0, 1, 1, 1, 1, 1, 1
0.000496750000000, 0, 0, 0, 1, 1, 1, 1, 1
0.000496791666667, 1, 0, 0, 1, 1, 1, 1, 1
0.000496833333333, 1, 0, 1, 1, 1, 1, 1, 1
0.000496875000000, 0, 0, 0, 1, 1, 1, 1, 1
0.000496916666667, 1, 0, 0, 1, 1, 1, 1, 1
0.000496958333333, 1, 0, 1, 1, 1, 1, 1, 1
0.000497000000000, 0, 0, 0, 1, 1, 1, 1, 1
0.000497083333333, 0, 0, 1, 1, 1, 1, 1, 1
0.000497125000000, 0, 0, 0, 1, 1, 1, 1, 1
0.000502125000000, 0, 1, 0, 1, 1, 1, 1, 1
0.000503916666667, 0, 0, 0, 1, 1, 1, 1, 1
0.000507791666667, 0, 0, 1, 1, 1, 1, 1, 1
0.000507833333333, 0, 0, 0, 1, 1, 1, 1, 1
0.000507875000000, 1, 0, 0, 1, 1, 1, 1, 1
0.000507916666667, 1, 0, 1, 1, 1, 1, 1, 1
0.000507958333333, 0, 0, 0, 1, 1, 1, 1, 1
0.000508041666667, 0, 0, 1, 1, 1, 1, 1, 1
0.000508083333333, 1, 0, 0, 1, 1, 1, 1, 1
0.000508166666667, 1, 0, 1, 1, 1, 1, 1, 1
0.000508208333333, 0, 0, 0, 1, 1, 1, 1, 1
0.000513208333333, 0, 1, 0, 1, 1, 1, 1, 1
0.000514958333333, 0, 0, 0, 1, 1, 1, 1, 1
0.000518875000000, 0, 0, 1, 1, 1, 1, 1, 1
0.000518958333333, 1, 0, 0, 1, 1, 1, 1, 1
0.000519000000000, 1, 0, 1, 1, 1, 1, 1, 1
0.000519041666667, 0, 0, 0, 1, 1, 1, 1, 1
0.000519083333333, 1, 0, 0, 1, 1, 1, 1, 1
0.000519125000000, 1, 0, 1, 1, 1, 1, 1, 1
0.000519208333333, 1, 0, 0, 1, 1, 1, 1, 1
0.000519250000000, 1, 0, 1, 1, 1, 1, 1, 1
0.000519291666667, 0, 0, 0, 1, 1, 1, 1, 1
0.000524291666667, 0, 1, 0, 1, 1, 1, 1, 1
0.000526041666667, 0, 0, 0, 1, 1, 1, 1, 1
0.000529958333333, 0, 0, 1, 1, 1, 1, 1, 1
0.000530041666667, 1, 0, 0, 1, 1, 1, 1, 1
0.000530083333333, 1, 0, 1, 1, 1, 1, 1, 1
0.000530166666667, 1, 0, 0, 1, 1, 1, 1, 1
0.000530208333333, 1, 0, 1, 1, 1, 1, 1, 1
0.000530250000000, 0, 0, 1, 1, 1, 1, 1, 1
0.000530291666667, 1, 0, 0, 1, 1, 1, 1, 1
0.000530333333333, 1, 0, 1, 1, 1, 1, 1, 1
0.000530375000000, 0, 0, 1, 1, 1, 1, 1, 1
0.000530416666667, 0, 0, 0, 1, 1, 1, 1, 1
0.000535375000000, 0, 1, 0, 1, 1, 1, 1, 1
0.000537125000000, 0, 0, 0, 1, 1, 1, 1, 1
0.000541041666667, 0, 0, 1, 1, 1, 1, 1, 1
0.000541125000000, 0, 0, 0, 1, 1, 1, 1, 1
0.000541166666667, 0, 0, 1, 1, 1, 1, 1, 1
0.000541250000000, 0, 0, 0, 1, 1, 1, 1, 1
0.000541291666667, 0, 0, 1, 1, 1, 1, 1, 1
0.000541375000000, 0, 0, 0, 1, 1, 1, 1, 1
0.000541416666667, 0, 0, 1, 1, 1, 1, 1, 1
0.000541500000000, 0, 0, 0, 1, 1, 1, 1, 1
0.000546458333333, 0, 1, 0, 1, 1, 1, 1, 1
0.000548208333333, 0, 0, 0, 1, 1, 1, 1, 1
0.000552166666667, 0, 0, 1, 1, 1, 1, 1, 1
0.000552208333333, 0, 0, 0, 1, 1, 1, 1, 1
0.000552291666667, 0, 0, 1, 1, 1, 1, 1, 1
0.000552333333333, 0, 0, 0, 1, 1, 1, 1, 1
0.000552416666667, 0, 0, 1, 1, 1, 1, 1, 1
0.000552458333333, 0, 0, 0, 1, 1, 1, 1, 1
0.000552500000000, 1, 0, 0, 1, 1, 1, 1, 1
0.000552541666667, 1, 0, 1, 1, 1, 1, 1, 1
0.000552583333333, 0, 0, 0, 1, 1, 1, 1, 1
0.000557541666667, 0, 1, 0, 1, 1, 1, 1, 1
0.000559291666667, 0, 0, 0, 1, 1, 1, 1, 1
0.000563166666667, 0, 0, 1, 1, 1, 1, 1, 1
0.000563208333333, 0, 0, 0, 1, 1, 1, 1, 1
0.000563250000000, 0, 0, 1, 1, 1, 1, 1, 1
0.000563291666667, 0, 0, 0, 1, 1, 1, 1, 1
0.000563375000000, 0, 0, 1, 1, 1, 1, 1, 1
0.000563416666667, 0, 0, 0, 1, 1, 1, 1, 1
0.000563500000000, 0, 0, 1, 1, 1, 1, 1, 1
0.000563541666667, 1, 0, 0, 1, 1, 1, 1, 1
0.000563625000000, 1, 0, 1, 1, 1, 1, 1, 1
0.000563666666667, 0, 0, 0, 1, 1, 1, 1, 1
0.000568583333333, 0, 1, 0, 1, 1, 1, 1, 1
0.000570375000000, 0, 0, 0, 1, 1, 1, 1, 1
0.000574250000000, 0, 0, 1, 1, 1, 1, 1, 1
0.000574291666667, 0, 0, 0, 1, 1, 1, 1, 1
0.000574333333333, 0, 0, 1, 1, 1, 1, 1, 1
0.000574416666667, 1, 0, 0, 1, 1, 1, 1, 1
0.000574458333333, 1, 0, 1, 1, 1, 1, 1, 1
0.000574500000000, 0, 0, 1, 1, 1, 1, 1, 1
0.000574541666667, 0, 0, 0, 1, 1, 1, 1, 1
0.000574583333333, 0, 0, 1, 1, 1, 1, 1, 1
0.000574625000000, 1, 0, 1, 1, 1, 1, 1, 1
0.000574666666667, 1, 0, 0, 1, 1, 1, 1, 1
0.000574708333333, 1, 0, 1, 1, 1, 1, 1, 1
0.000574750000000, 0, 0, 0, 1, 1, 1, 1, 1
0.000579666666667, 0, 1, 0, 1, 1, 1, 1, 1
0.000585083333333, 1, 1, 0, 1, 1, 1, 1, 1
0.000585208333333, 1, 1, 1, 1, 1, 1, 1, 1
0.000585250000000, 1, 1, 0, 1, 1, 1, 1, 1
0.000585291666667, 1, 1, 1, 1, 1, 1, 1, 1
0.000585375000000, 0, 1, 0, 1, 1, 1, 1, 1
0.000585416666667, 0, 1, 1, 1, 1, 1, 1, 1
0.000585500000000, 0, 1, 0, 1, 1, 1, 1, 1
0.000585541666667, 0, 1, 1, 1, 1, 1, 1, 1
0.000585625000000, 1, 1, 0, 1, 1, 1, 1, 1
0.000585666666667, 1, 1, 1, 1, 1, 1, 1, 1
0.000585708333333, 1, 1, 0, 1, 1, 1, 1, 1
0.000591458333333, 1, 0, 0, 1, 1, 1, 1, 1
0.000595250000000, 0, 0, 0, 1, 1, 1, 1, 1
0.000595416666667, 0, 0, 1, 1, 1, 1, 1, 1
0.000595458333333, 0, 0, 0, 1, 1, 1, 1, 1
0.000595541666667, 0, 0, 1, 1, 1, 1, 1, 1
0.000595583333333, 0, 0, 0, 1, 1, 1, 1, 1
0.000595666666667, 1, 0, 1, 1, 1, 1, 1, 1
0.000595708333333, 0, 0, 0, 1, 1, 1, 1, 1
0.000595791666667, 0, 0, 1, 1, 1, 1, 1, 1
0.000595833333333, 0, 0, 0, 1, 1, 1, 1, 1
0.000600791666667, 0, 1, 0, 1, 1, 1, 1, 1
0.000602541666667, 0, 0, 0, 1, 1, 1, 1, 1
0.000606500000000, 0, 0, 1, 1, 1, 1, 1, 1
0.000606541666667, 0, 0, 0, 1, 1, 1, 1, 1
0.000606583333333, 1, 0, 0, 1, 1, 1, 1, 1
0.000606625000000, 1, 0, 1, 1, 1, 1, 1, 1
0.000606666666667, 0, 0, 0, 1, 1, 1, 1, 1
0.000606708333333, 1, 0, 0, 1, 1, 1, 1, 1
0.000606750000000, 1, 0, 1, 1, 1, 1, 1, 1
0.000606791666667, 1, 0, 0, 1, 1, 1, 1, 1
0.000606833333333, 0, 0, 0, 1, 1, 1, 1, 1
0.000606875000000, 0, 0, 1, 1, 1, 1, 1, 1
0.000606916666667, 0, 0, 0, 1, 1, 1, 1, 1
0.000611875000000, 0, 1, 0, 1, 1, 1, 1, 1
0.000613625000000, 0, 0, 0, 1, 1, 1, 1, 1
0.000617500000000, 0, 0, 1, 1, 1, 1, 1, 1
0.000617541666667, 0, 0, 0, 1, 1, 1, 1, 1
0.000617583333333, 0, 0, 1, 1, 1, 1, 1, 1
0.000617625000000, 0, 0, 0, 1, 1, 1, 1, 1
0.000617708333333, 0, 0, 1, 1, 1, 1, 1, 1
0.000617750000000, 0, 0, 0, 1, 1, 1, 1, 1
0.000617791666667, 1, 0, 0, 1, 1, 1, 1, 1
0.000617833333333, 1, 0, 1, 1, 1, 1, 1, 1
0.000617875000000, 1, 0, 0, 1, 1, 1, 1, 1
0.000617916666667, 0, 0, 0, 1, 1, 1, 1, 1
0.000617958333333, 0, 0, 1, 1, 1, 1, 1, 1
0.000618000000000, 0, 0, 0, 1, 1, 1, 1, 1
0.000622916666667, 0, 1, 0, 1, 1, 1, 1, 1
0.000624708333333, 0, 0, 0, 1, 1, 1, 1, 1
0.000628583333333, 0, 0, 1, 1, 1, 1, 1, 1
0.000628625000000, 0, 0, 0, 1, 1, 1, 1, 1
0.000628666666667, 0, 0, 1, 1, 1, 1, 1, 1
0.000628750000000, 0, 0, 0, 1, 1, 1, 1, 1
0.000628791666667, 0, 0, 1, 1, 1, 1, 1, 1
0.000628833333333, 1, 0, 1, 1, 1, 1, 1, 1
0.000628875000000, 1, 0, 0, 1, 1, 1, 1, 1
0.000628916666667, 1, 0, 1, 1, 1, 1, 1, 1
0.000628958333333, 0, 0, 1, 1, 1, 1, 1, 1
0.000629000000000, 1, 0, 0, 1, 1, 1, 1, 1
0.000629041666667, 1, 0, 1, 1, 1, 1, 1, 1
0.000629083333333, 0, 0, 0, 1, 1, 1, 1, 1
0.000634000000000, 0, 1, 0, 1, 1, 1, 1, 1
0.000635791666667, 0, 0, 0, 1, 1, 1, 1, 1
0.000639666666667, 0, 0, 1, 1, 1, 1, 1, 1
0.000639708333333, 0, 0, 0, 1, 1, 1, 1, 1
0.000639750000000, 0, 0, 1, 1, 1, 1, 1, 1
0.000639791666667, 1, 0, 1, 1, 1, 1, 1, 1
0.000639833333333, 0, 0, 0, 1, 1, 1, 1, 1
0.000639875000000, 0, 0, 1, 1, 1, 1, 1, 1
0.000639916666667, 1, 0, 1, 1, 1, 1, 1, 1
0.000639958333333, 1, 0, 0, 1, 1, 1, 1, 1
0.000640000000000, 1, 0, 1, 1, 1, 1, 1, 1
0.000640041666667, 0, 0, 1, 1, 1, 1, 1, 1
0.000640083333333, 1, 0, 0, 1, 1, 1, 1, 1
0.000640125000000, 1, 0, 1, 1, 1, 1, 1, 1
0.000640166666667, 0, 0, 0, 1, 1, 1, 1, 1
0.000645083333333, 0, 1, 0, 1, 1, 1, 1, 1
0.000646875000000, 0, 0, 0, 1, 1, 1, 1, 1
0.000650750000000, 0, 0, 1, 1, 1, 1, 1, 1
0.000650791666667, 0, 0, 0, 1, 1, 1, 1, 1
0.000650833333333, 1, 0, 0, 1, 1, 1, 1, 1
0.000650875000000, 1, 0, 1, 1, 1, 1, 1, 1
0.000650916666667, 0, 0, 0, 1, 1, 1, 1, 1
0.000651000000000, 0, 0, 1, 1, 1, 1, 1, 1
0.000651041666667, 1, 0, 0, 1, 1, 1, 1, 1
0.000651125000000, 1, 0, 1, 1, 1, 1, 1, 1
0.000651166666667, 0, 0, 0, 1, 1, 1, 1, 1
0.000656166666667, 0, 1, 0, 1, 1, 1, 1, 1
0.000657958333333, 0, 0, 0, 1, 1, 1, 1, 1
0.000661833333333, 0, 0, 1, 1, 1, 1, 1, 1
0.000661875000000, 0, 0, 0, 1, 1, 1, 1, 1
0.000661916666667, 1, 0, 0, 1, 1, 1, 1, 1
0.000661958333333, 1, 0, 1, 1, 1, 1, 1, 1
0.000662000000000, 0, 0, 0, 1, 1, 1, 1, 1
0.000662083333333, 0, 0, 1, 1, 1, 1, 1, 1
0.000662125000000, 0, 0, 0, 1, 1, 1, 1, 1
0.000662166666667, 1, 0, 0, 1, 1, 1, 1, 1
0.000662208333333, 1, 0, 1, 1, 1, 1, 1, 1
0.000662250000000, 1, 0, 0, 1, 1, 1, 1, 1
0.000662291666667, 0, 0, 0, 1, 1, 1, 1, 1
0.000667250000000, 0, 1, 0, 1, 1, 1, 1, 1
0.000669041666667, 0, 0, 0, 1, 1, 1, 1, 1
0.000672916666667, 0, 0, 1, 1, 1, 1, 1, 1
0.000673000000000, 1, 0, 0, 1, 1, 1, 1, 1
0.000673041666667, 1, 0, 1, 1, 1, 1, 1, 1
0.000673083333333, 0, 0, 1, 1, 1, 1, 1, 1
0.000673125000000, 0, 0, 0, 1, 1, 1, 1, 1
0.000673166666667, 0, 0, 1, 1, 1, 1, 1, 1
0.000673208333333, 1, 0, 1, 1, 1, 1, 1, 1
0.000673250000000, 1, 0, 0, 1, 1, 1, 1, 1
0.000673291666667, 1, 0, 1, 1, 1, 1, 1, 1
0.000673375000000, 0, 0, 0, 1, 1, 1, 1, 1
0.000678333333333, 0, 1, 0, 1, 1, 1, 1, 1
0.000680083333333, 0, 0, 0, 1, 1, 1, 1, 1
0.000684000000000, 0, 0, 1, 1, 1, 1, 1, 1
0.000684083333333, 1, 0, 0, 1, 1, 1, 1, 1
0.000684125000000, 1, 0, 1, 1, 1, 1, 1, 1
0.000684166666667, 0, 0, 1, 1, 1, 1, 1, 1
0.000684208333333, 0, 0, 0, 1, 1, 1, 1, 1
0.000684250000000, 0, 0, 1, 1, 1, 1, 1, 1
0.000684291666667, 1, 0, 1, 1, 1, 1, 1, 1
0.000684333333333, 1, 0, 0, 1, 1, 1, 1, 1
0.000684375000000, 1, 0, 1, 1, 1, 1, 1, 1
0.000684458333333, 0, 0, 0, 1, 1, 1, 1, 1
0.000689416666667, 0, 1, 0, 1, 1, 1, 1, 1
0.000691166666667, 0, 0, 0, 1, 1, 1, 1, 1
0.000695083333333, 0, 0, 1, 1, 1, 1, 1, 1
0.000695166666667, 1, 0, 0, 1, 1, 1, 1, 1
0.000695208333333, 1, 0, 1, 1, 1, 1, 1, 1
0.000695250000000, 0, 0, 1, 1, 1, 1, 1, 1
0.000695291666667, 0, 0, 0, 1, 1, 1, 1, 1
0.000695333333333, 0, 0, 1, 1, 1, 1, 1, 1
0.000695375000000, 1, 0, 1, 1, 1, 1, 1, 1
0.000695416666667, 0, 0, 0, 1, 1, 1, 1, 1
0.000695458333333, 0, 0, 1, 1, 1, 1, 1, 1
0.000695500000000, 1, 0, 1, 1, 1, 1, 1, 1
0.000695541666667, 0, 0, 0, 1, 1, 1, 1, 1
0.000700500000000, 0, 1, 0, 1, 1, 1, 1, 1
0.000702250000000, 0, 0, 0, 1, 1, 1, 1, 1
0.000706208333333, 0, 0, 1, 1, 1, 1, 1, 1
0.000706250000000, 1, 0, 0, 1, 1, 1, 1, 1
0.000706333333333, 0, 0, 1, 1, 1, 1, 1, 1
0.000706375000000, 1, 0, 0, 1, 1, 1, 1, 1
0.000706416666667, 1, 0, 1, 1, 1, 1, 1, 1
0.000706500000000, 0, 0, 0, 1, 1, 1, 1, 1
0.000706541666667, 0, 0, 1, 1, 1, 1, 1, 1
0.000706583333333, 1, 0, 1, 1, 1, 1, 1, 1
0.000706625000000, 0, 0, 0, 1, 1, 1, 1, 1
0.000711583333333, 0, 1, 0, 1, 1, 1, 1, 1
0.000713333333333, 0, 0, 0, 1, 1, 1, 1, 1
0.000717291666667, 0, 0, 1, 1, 1, 1, 1, 1
0.000717333333333, 1, 0, 0, 1, 1, 1, 1, 1
0.000717416666667, 1, 0, 1, 1, 1, 1, 1, 1
0.000717458333333, 1, 0, 0, 1, 1, 1, 1, 1
0.000717500000000, 0, 0, 0, 1, 1, 1, 1, 1
0.000717541666667, 0, 0, 1, 1, 1, 1, 1, 1
0.000717583333333, 1, 0, 0, 1, 1, 1, 1, 1
0.000717666666667, 1, 0, 1, 1, 1, 1, 1, 1
0.000717708333333, 0, 0, 0, 1, 1, 1, 1, 1
0.000722625000000, 0, 1, 0, 1, 1, 1, 1, 1
0.000724416666667, 0, 0, 0, 1, 1, 1, 1, 1
0.000728375000000, 0, 0, 1, 1, 1, 1, 1, 1
0.000728416666667, 0, 0, 0, 1, 1, 1, 1, 1
0.000728500000000, 0, 0, 1, 1, 1, 1, 1, 1
0.000728541666667, 0, 0, 0, 1, 1, 1, 1, 1
0.000728625000000, 0, 0, 1, 1, 1, 1, 1, 1
0.000728666666667, 0, 0, 0, 1, 1, 1, 1, 1
0.000728750000000, 0, 0, 1, 1, 1, 1, 1, 1
0.000728791666667, 0, 0, 0, 1, 1, 1, 1, 1
0.000733708333333, 0, 1, 0, 1, 1, 1, 1, 1
0.000735500000000, 0, 0, 0, 1, 1, 1, 1, 1
0.000739375000000, 0, 0, 1, 1, 1, 1, 1, 1
0.000739416666667, 0, 0, 0, 1, 1, 1, 1, 1
0.000739458333333, 0, 0, 1, 1, 1, 1, 1, 1
0.000739541666667, 0, 0, 0, 1, 1, 1, 1, 1
0.000739583333333, 0, 0, 1, 1, 1, 1, 1, 1
0.000739666666667, 0, 0, 0, 1, 1, 1, 1, 1
0.000739708333333, 0, 0, 1, 1, 1, 1, 1, 1
0.000739791666667, 1, 0, 0, 1, 1, 1, 1, 1
0.000739833333333, 1, 0, 1, 1, 1, 1, 1, 1
0.000739875000000, 0, 0, 0, 1, 1, 1, 1, 1
0.000744791666667, 0, 1, 0, 1, 1, 1, 1, 1
0.000746583333333, 0, 0, 0, 1, 1, 1, 1, 1
0.000750458333333, 0, 0, 1, 1, 1, 1, 1, 1
0.000750500000000, 0, 0, 0, 1, 1, 1, 1, 1
0.000750541666667, 0, 0, 1, 1, 1, 1, 1, 1
0.000750625000000, 0, 0, 0, 1, 1, 1, 1, 1
0.000750666666667, 0, 0, 1, 1, 1, 1, 1, 1
0.000750750000000, 1, 0, 0, 1, 1, 1, 1, 1
0.000750791666667, 1, 0, 1, 1, 1, 1, 1, 1
0.000750833333333, 0, 0, 1, 1, 1, 1, 1, 1
0.000750875000000, 0, 0, 0, 1, 1, 1, 1, 1
0.000750916666667, 0, 0, 1, 1, 1, 1, 1, 1
0.000750958333333, 0, 0, 0, 1, 1, 1, 1, 1
0.000755875000000, 0, 1, 0, 1, 1, 1, 1, 1
0.000757666666667, 0, 0, 0, 1, 1, 1, 1, 1
0.000761541666667, 0, 0, 1, 1, 1, 1, 1, 1
0.000761583333333, 0, 0, 0, 1, 1, 1, 1, 1
0.000761666666667, 0, 0, 1, 1, 1, 1, 1, 1
0.000761708333333, 1, 0, 0, 1, 1, 1, 1, 1
0.000761791666667, 0, 0, 1, 1, 1, 1, 1, 1
0.000761833333333, 0, 0, 0, 1, 1, 1, 1, 1
0.000761875000000, 1, 0, 0, 1, 1, 1, 1, 1
0.000761916666667, 1, 0, 1, 1, 1, 1, 1, 1
0.000761958333333, 1, 0, 0, 1, 1, 1, 1, 1
0.000762041666667, 0, 0, 0, 1, 1, 1, 1, 1
0.000766958333333, 0, 1, 0, 1, 1, 1, 1, 1
0.000772500000000, 0, 1, 1, 1, 1, 1, 1, 1
0.000772541666667, 0, 1, 0, 1, 1, 1, 1, 1
0.000772583333333, 1, 1, 0, 1, 1, 1, 1, 1
0.000772625000000, 1, 1, 1, 1, 1, 1, 1, 1
0.000772666666667, 1, 1, 0, 1, 1, 1, 1, 1
0.000772750000000, 1, 1, 1, 1, 1, 1, 1, 1
0.000772791666667, 0, 1, 0, 1, 1, 1, 1, 1
0.000772833333333, 1, 1, 0, 1, 1, 1, 1, 1
0.000772875000000, 1, 1, 1, 1, 1, 1, 1, 1
0.000772916666667, 0, 1, 0, 1, 1, 1, 1, 1
0.000778750000000, 0, 0, 0, 1, 1, 1, 1, 1
0.000782625000000, 0, 0, 1, 1, 1, 1, 1, 1
0.000782666666667, 0, 0, 0, 1, 1, 1, 1, 1
0.000782708333333, 0, 0, 1, 1, 1, 1, 1, 1
0.000782791666667, 0, 0, 0, 1, 1, 1, 1, 1
0.000782833333333, 0, 0, 1, 1, 1, 1, 1, 1
0.000782916666667, 1, 0, 0, 1, 1, 1, 1, 1
0.000782958333333, 1, 0, 1, 1, 1, 1, 1, 1
0.000783000000000, 0, 0, 1, 1, 1, 1, 1, 1
0.000783041666667, 1, 0, 0, 1, 1, 1, 1, 1
0.000783083333333, 1, 0, 1, 1, 1, 1, 1, 1
0.000783125000000, 0, 0, 0, 1, 1, 1, 1, 1
0.000788041666667, 0, 1, 0, 1, 1, 1, 1, 1
0.000793583333333, 0, 1, 1, 1, 1, 1, 1, 1
0.000793625000000, 0, 1, 0, 1, 1, 1, 1, 1
0.000793666666667, 1, 1, 0, 1, 1, 1, 1, 1
0.000793708333333, 1, 1, 1, 1, 1, 1, 1, 1
0.000793750000000, 0, 1, 0, 1, 1, 1, 1, 1
0.000793791666667, 1, 1, 0, 1, 1, 1, 1, 1
0.000793833333333, 1, 1, 1, 1, 1, 1, 1, 1
0.000793875000000, 0, 1, 0, 1, 1, 1, 1, 1
0.000793958333333, 0, 1, 1, 1, 1, 1, 1, 1
0.000794000000000, 1, 1, 0, 1, 1, 1, 1, 1
0.000794083333333, 0, 1, 0, 1, 1, 1, 1, 1
0.000799750000000, 0, 0, 0, 1, 1, 1, 1, 1
0.000803500000000, 1, 0, 0, 1, 1, 1, 1, 1
0.000803625000000, 1, 0, 1, 1, 1, 1, 1, 1
0.000803666666667, 0, 0, 0, 1, 1, 1, 1, 1
0.000803750000000, 1, 0, 1, 1, 1, 1, 1, 1
0.000803791666667, 0, 0, 0, 1, 1, 1, 1, 1
0.000803833333333, 0, 0, 1, 1, 1, 1, 1, 1
0.000803875000000, 1, 0, 1, 1, 1, 1, 1, 1
0.000803916666667, 0, 0, 0, 1, 1, 1, 1, 1
0.000803958333333, 0, 0, 1, 1, 1, 1, 1, 1
0.000804000000000, 1, 0, 1, 1, 1, 1, 1, 1
0.000804041666667, 0, 0, 0, 1, 1, 1, 1, 1
0.000804083333333, 0, 0, 1, 1, 1, 1, 1, 1
0.000804125000000, 1, 0, 0, 1, 1, 1, 1, 1
0.000809041666667, 1, 1, 0, 1, 1, 1, 1, 1
0.184185916666667, 1, 1, 1, 1, 1, 1, 1, 1
0.348008958333333, 1, 0, 1, 1, 1, 1, 1, 1
0.348085916666667, 1, 1, 1, 1, 1, 1, 1, 1
0.348089375000000, 0, 1, 0, 1, 1, 1, 1, 1
0.348090041666667, 0, 1, 1, 1, 1, 1, 1, 1
0.348090083333333, 0, 1, 0, 1, 1, 1, 1, 1
0.348090166666667, 0, 1, 1, 1, 1, 1, 1, 1
0.348090208333333, 1, 1, 0, 1, 1, 1, 1, 1
0.348090250000000, 0, 1, 0, 1, 1, 1, 1, 1
0.348090291666667, 0, 1, 1, 1, 1, 1, 1, 1
0.348090333333333, 0, 1, 0, 1, 1, 1, 1, 1
0.348090416666667, 0, 1, 1, 1, 1, 1, 1, 1
0.348090458333333, 1, 1, 0, 1, 1, 1, 1, 1
0.348090500000000, 0, 1, 0, 1, 1, 1, 1, 1
0.348099958333333, 1, 1, 0, 1, 1, 1, 1, 1
0.348100083333333, 1, 1, 1, 1, 1, 1, 1, 1
0.348100125000000, 0, 1, 0, 1, 1, 1, 1, 1
0.348100166666667, 0, 1, 1, 1, 1, 1, 1, 1
0.348100208333333, 1, 1, 1, 1, 1, 1, 1, 1
0.348100250000000, 1, 1, 0, 1, 1, 1, 1, 1
0.348100291666667, 1, 1, 1, 1, 1, 1, 1, 1
0.348100333333333, 0, 1, 1, 1, 1, 1, 1, 1
0.348100375000000, 0, 1, 0, 1, 1, 1, 1, 1
0.348100416666667, 0, 1, 1, 1, 1, 1, 1, 1
0.348100500000000, 1, 1, 0, 1, 1, 1, 1, 1
0.348100541666667, 1, 1, 1, 1, 1, 1, 1, 1
0.348100583333333, 1, 1, 0, 1, 1, 1, 1, 1
0.348106333333333, 1, 0, 0, 1, 1, 1, 1, 1
0.348110125000000, 0, 0, 0, 1, 1, 1, 1, 1
0.348110291666667, 0, 0, 1, 1, 1, 1, 1, 1
0.348110333333333, 0, 0, 0, 1, 1, 1, 1, 1
0.348110416666667, 0, 0, 1, 1, 1, 1, 1, 1
0.348110458333333, 0, 0, 0, 1, 1, 1, 1, 1
0.348110500000000, 1, 0, 0, 1, 1, 1, 1, 1
0.348110541666667, 1, 0, 1, 1, 1, 1, 1, 1
0.348110583333333, 0, 0, 0, 1, 1, 1, 1, 1
0.348110625000000, 1, 0, 0, 1, 1, 1, 1, 1
0.348110666666667, 1, 0, 1, 1, 1, 1, 1, 1
0.348110708333333, 0, 0, 0, 1, 1, 1, 1, 1
0.348115625000000, 0, 1, 0, 1, 1, 1, 1, 1
0.348117416666667, 0, 0, 0, 1, 1, 1, 1, 1
0.348121291666667, 0, 0, 1, 1, 1, 1, 1, 1
0.348121333333333, 0, 0, 0, 1, 1, 1, 1, 1
0.348121375000000, 0, 0, 1, 1, 1, 1, 1, 1
0.348121416666667, 1, 0, 1, 1, 1, 1, 1, 1
0.348121458333333, 1, 0, 0, 1, 1, 1, 1, 1
0.348121500000000, 1, 0, 1, 1, 1, 1, 1, 1
0.348121583333333, 1, 0, 0, 1, 1, 1, 1, 1
0.348121625000000, 1, 0, 1, 1, 1, 1, 1, 1
0.348121666666667, 0, 0, 1, 1, 1, 1, 1, 1
0.348121708333333, 0, 0, 0, 1, 1, 1, 1, 1
0.348121750000000, 0, 0, 1, 1, 1, 1, 1, 1
0.348121791666667, 0, 0, 0, 1, 1, 1, 1, 1
0.348126708333333, 0, 1, 0, 1, 1, 1, 1, 1
0.348128500000000, 0, 0, 0, 1, 1, 1, 1, 1
0.348132375000000, 0, 0, 1, 1, 1, 1, 1, 1
0.348132416666667, 0, 0, 0, 1, 1, 1, 1, 1
0.348132500000000, 1, 0, 1, 1, 1, 1, 1, 1
0.348132541666667, 1, 0, 0, 1, 1, 1, 1, 1
0.348132583333333, 1, 0, 1, 1, 1, 1, 1, 1
0.348132666666667, 1, 0, 0, 1, 1, 1, 1, 1
0.348132708333333, 1, 0, 1, 1, 1, 1, 1, 1
0.348132750000000, 0, 0, 1, 1, 1, 1, 1, 1
0.348132791666667, 0, 0, 0, 1, 1, 1, 1, 1
0.348132833333333, 0, 0, 1, 1, 1, 1, 1, 1
0.348132875000000, 0, 0, 0, 1, 1, 1, 1, 1
0.348137791666667, 0, 1, 0, 1, 1, 1, 1, 1
0.348143208333333, 1, 1, 0, 1, 1, 1, 1, 1
0.348143333333333, 1, 1, 1, 1, 1, 1, 1, 1
0.348143375000000, 0, 1, 0, 1, 1, 1, 1, 1
0.348143416666667, 1, 1, 0, 1, 1, 1, 1, 1
0.348143458333333, 1, 1, 1, 1, 1, 1, 1, 1
0.348143500000000, 1, 1, 0, 1, 1, 1, 1, 1
0.348143583333333, 0, 1, 1, 1, 1, 1, 1, 1
0.348143625000000, 0, 1, 0, 1, 1, 1, 1, 1
0.348143666666667, 1, 1, 0, 1, 1, 1, 1, 1
0.348143708333333, 1, 1, 1, 1, 1, 1, 1, 1
0.348143750000000, 0, 1, 0, 1, 1, 1, 1, 1
0.348143791666667, 1, 1, 0, 1, 1, 1, 1, 1
0.348149583333333, 1, 0, 0, 1, 1, 1, 1, 1
0.348153375000000, 0, 0, 0, 1, 1, 1, 1, 1
0.348153541666667, 0, 0, 1, 1, 1, 1, 1, 1
0.348153583333333, 0, 0, 0, 1, 1, 1, 1, 1
0.348153666666667, 0, 0, 1, 1, 1, 1, 1, 1
0.348153708333333, 0, 0, 0, 1, 1, 1, 1, 1
0.348153750000000, 1, 0, 0, 1, 1, 1, 1, 1
0.348153791666667, 1, 0, 1, 1, 1, 1, 1, 1
0.348153833333333, 0, 0, 0, 1, 1, 1, 1, 1
0.348153875000000, 1, 0, 0, 1, 1, 1, 1, 1
0.348153916666667, 1, 0, 1, 1, 1, 1, 1, 1
0.348153958333333, 0, 0, 0, 1, 1, 1, 1, 1
0.348158916666667, 0, 1, 0, 1, 1, 1, 1, 1
0.348160666666667, 0, 0, 0, 1, 1, 1, 1, 1
0.348164625000000, 0, 0, 1, 1, 1, 1, 1, 1
0.348164666666667, 1, 0, 0, 1, 1, 1, 1, 1
0.348164750000000, 1, 0, 1, 1, 1, 1, 1, 1
0.348164791666667, 1, 0, 0, 1, 1, 1, 1, 1
0.348164875000000, 1, 0, 1, 1, 1, 1, 1, 1
0.348164916666667, 0, 0, 0, 1, 1, 1, 1, 1
0.348165000000000, 0, 0, 1, 1, 1, 1, 1, 1
0.348165041666667, 0, 0, 0, 1, 1, 1, 1, 1
0.348170000000000, 0, 1, 0, 1, 1, 1, 1, 1
0.348171750000000, 0, 0, 0, 1, 1, 1, 1, 1
0.348175708333333, 0, 0, 1, 1, 1, 1, 1, 1
0.348175750000000, 1, 0, 0, 1, 1, 1, 1, 1
0.348175833333333, 1, 0, 1, 1, 1, 1, 1, 1
0.348175875000000, 1, 0, 0, 1, 1, 1, 1, 1
0.348175958333333, 1, 0, 1, 1, 1, 1, 1, 1
0.348176000000000, 0, 0, 0, 1, 1, 1, 1, 1
0.348176083333333, 0, 0, 1, 1, 1, 1, 1, 1
0.348176125000000, 0, 0, 0, 1, 1, 1, 1, 1
0.348181041666667, 0, 1, 0, 1, 1, 1, 1, 1
0.348186458333333, 1, 1, 0, 1, 1, 1, 1, 1
0.348186583333333, 1, 1, 1, 1, 1, 1, 1, 1
0.348186625000000, 0, 1, 0, 1, 1, 1, 1, 1
0.348186666666667, 0, 1, 1, 1, 1, 1, 1, 1
0.348186708333333, 1, 1, 1, 1, 1, 1, 1, 1
0.348186750000000, 1, 1, 0, 1, 1, 1, 1, 1
0.348186791666667, 1, 1, 1, 1, 1, 1, 1, 1
0.348186833333333, 0, 1, 1, 1, 1, 1, 1, 1
0.348186875000000, 0, 1, 0, 1, 1, 1, 1, 1
0.348186916666667, 0, 1, 1, 1, 1, 1, 1, 1
0.348186958333333, 1, 1, 1, 1, 1, 1, 1, 1
0.348187000000000, 1, 1, 0, 1, 1, 1, 1, 1
0.348187041666667, 1, 1, 1, 1, 1, 1, 1, 1
0.348187083333333, 1, 1, 0, 1, 1, 1, 1, 1
0.348192833333333, 1, 0, 0, 1, 1, 1, 1, 1
0.348196625000000, 0, 0, 0, 1, 1, 1, 1, 1
0.348196750000000, 0, 0, 1, 1, 1, 1, 1, 1
0.348196833333333, 0, 0, 0, 1, 1, 1, 1, 1
0.348196875000000, 0, 0, 1, 1, 1, 1, 1, 1
0.348196958333333, 0, 0, 0, 1, 1, 1, 1, 1
0.348197000000000, 0, 0, 1, 1, 1, 1, 1, 1
0.348197041666667, 1, 0, 1, 1, 1, 1, 1, 1
0.348197083333333, 0, 0, 0, 1, 1, 1, 1, 1
0.348197125000000, 0, 0, 1, 1, 1, 1, 1, 1
0.348197166666667, 1, 0, 1, 1, 1, 1, 1, 1
0.348197208333333, 0, 0, 0, 1, 1, 1, 1, 1
0.348202166666667, 0, 1, 0, 1, 1, 1, 1, 1
0.348203916666667, 0, 0, 0, 1, 1, 1, 1, 1
0.348207833333333, 0, 0, 1, 1, 1, 1, 1, 1
0.348207916666667, 1, 0, 0, 1, 1, 1, 1, 1
0.348207958333333, 1, 0, 1, 1, 1, 1, 1, 1
0.348208041666667, 1, 0, 0, 1, 1, 1, 1, 1
0.348208083333333, 1, 0, 1, 1, 1, 1, 1, 1
0.348208166666667, 0, 0, 0, 1, 1, 1, 1, 1
0.348208208333333, 0, 0, 1, 1, 1, 1, 1, 1
0.348208291666667, 0, 0, 0, 1, 1, 1, 1, 1
0.348213250000000, 0, 1, 0, 1, 1, 1, 1, 1
0.348215000000000, 0, 0, 0, 1, 1, 1, 1, 1
0.348218916666667, 0, 0, 1, 1, 1, 1, 1, 1
0.348219000000000, 1, 0, 0, 1, 1, 1, 1, 1
0.348219041666667, 1, 0, 1, 1, 1, 1, 1, 1
0.348219125000000, 1, 0, 0, 1, 1, 1, 1, 1
0.348219166666667, 1, 0, 1, 1, 1, 1, 1, 1
0.348219250000000, 0, 0, 0, 1, 1, 1, 1, 1
0.348219291666667, 0, 0, 1, 1, 1, 1, 1, 1
0.348219375000000, 0, 0, 0, 1, 1, 1, 1, 1
0.348224333333333, 0, 1, 0, 1, 1, 1, 1, 1
0.348226083333333, 0, 0, 0, 1, 1, 1, 1, 1
0.348230000000000, 0, 0, 1, 1, 1, 1, 1, 1
0.348230083333333, 0, 0, 0, 1, 1, 1, 1, 1
0.348230125000000, 0, 0, 1, 1, 1, 1, 1, 1
0.348230208333333, 0, 0, 0, 1, 1, 1, 1, 1
0.348230250000000, 0, 0, 1, 1, 1, 1, 1, 1
0.348230291666667, 1, 0, 1, 1, 1, 1, 1, 1
0.348230333333333, 0, 0, 0, 1, 1, 1, 1, 1
0.348230375000000, 0, 0, 1, 1, 1, 1, 1, 1
0.348230416666667, 1, 0, 1, 1, 1, 1, 1, 1
0.348230458333333, 0, 0, 0, 1, 1, 1, 1, 1
0.348235416666667, 0, 1, 0, 1, 1, 1, 1, 1
0.348237166666667, 0, 0, 0, 1, 1, 1, 1, 1
0.348241083333333, 0, 0, 1, 1, 1, 1, 1, 1
0.348241166666667, 1, 0, 0, 1, 1, 1, 1, 1
0.348241208333333, 1, 0, 1, 1, 1, 1, 1, 1
0.348241291666667, 1, 0, 0, 1, 1, 1, 1, 1
0.348241333333333, 1, 0, 1, 1, 1, 1, 1, 1
0.348241416666667, 0, 0, 0, 1, 1, 1, 1, 1
0.348241458333333, 0, 0, 1, 1, 1, 1, 1, 1
0.348241541666667, 0, 0, 0, 1, 1, 1, 1, 1
0.348246500000000, 0, 1, 0, 1, 1, 1, 1, 1
0.348248250000000, 0, 0, 0, 1, 1, 1, 1, 1
0.348252166666667, 0, 0, 1, 1, 1, 1, 1, 1
0.348252250000000, 1, 0, 0, 1, 1, 1, 1, 1
0.348252291666667, 1, 0, 1, 1, 1, 1, 1, 1
0.348252375000000, 1, 0, 0, 1, 1, 1, 1, 1
0.348252416666667, 1, 0, 1, 1, 1, 1, 1, 1
0.348252500000000, 0, 0, 0, 1, 1, 1, 1, 1
0.348252541666667, 0, 0, 1, 1, 1, 1, 1, 1
0.348252625000000, 0, 0, 0, 1, 1, 1, 1, 1
0.348257583333333, 0, 1, 0, 1, 1, 1, 1, 1
0.348263000000000, 1, 1, 0, 1, 1, 1, 1, 1
0.348263125000000, 1, 1, 1, 1, 1, 1, 1, 1
0.348263166666667, 0, 1, 1, 1, 1, 1, 1, 1
0.348263208333333, 1, 1, 0, 1, 1, 1, 1, 1
0.348263250000000, 1, 1, 1, 1, 1, 1, 1, 1
0.348263333333333, 0, 1, 0, 1, 1, 1, 1, 1
0.348263375000000, 0, 1, 1, 1, 1, 1, 1, 1
0.348263416666667, 1, 1, 1, 1, 1, 1, 1, 1
0.348263458333333, 0, 1, 0, 1, 1, 1, 1, 1
0.348263500000000, 0, 1, 1, 1, 1, 1, 1, 1
0.348263583333333, 1, 1, 0, 1, 1, 1, 1, 1
0.348269375000000, 1, 0, 0, 1, 1, 1, 1, 1
0.348273125000000, 0, 0, 0, 1, 1, 1, 1, 1
0.348273250000000, 0, 0, 1, 1, 1, 1, 1, 1
0.348273291666667, 0, 0, 0, 1, 1, 1, 1, 1
0.348273333333333, 0, 0, 1, 1, 1, 1, 1, 1
0.348273416666667, 0, 0, 0, 1, 1, 1, 1, 1
0.348273458333333, 0, 0, 1, 1, 1, 1, 1, 1
0.348273541666667, 0, 0, 0, 1, 1, 1, 1, 1
0.348273583333333, 0, 0, 1, 1, 1, 1, 1, 1
0.348273625000000, 1, 0, 1, 1, 1, 1, 1, 1
0.348273666666667, 1, 0, 0, 1, 1, 1, 1, 1
0.348273708333333, 1, 0, 1, 1, 1, 1, 1, 1
0.348273750000000, 0, 0, 0, 1, 1, 1, 1, 1
0.348278666666667, 0, 1, 0, 1, 1, 1, 1, 1
0.348284083333333, 1, 1, 0, 1, 1, 1, 1, 1
0.348284208333333, 1, 1, 1, 1, 1, 1, 1, 1
0.348284250000000, 1, 1, 0, 1, 1, 1, 1, 1
0.348284291666667, 1, 1, 1, 1, 1, 1, 1, 1
0.348284333333333, 0, 1, 1, 1, 1, 1, 1, 1
0.348284375000000, 0, 1, 0, 1, 1, 1, 1, 1
0.348284416666667, 0, 1, 1, 1, 1, 1, 1, 1
0.348284500000000, 0, 1, 0, 1, 1, 1, 1, 1
0.348284541666667, 0, 1, 1, 1, 1, 1, 1, 1
0.348284625000000, 0, 1, 0, 1, 1, 1, 1, 1
0.348284666666667, 0, 1, 1, 1, 1, 1, 1, 1
0.348284708333333, 1, 1, 0, 1, 1, 1, 1, 1
0.348290458333333, 1, 0, 0, 1, 1, 1, 1, 1
0.348294250000000, 0, 0, 0, 1, 1, 1, 1, 1
0.348294375000000, 0, 0, 1, 1, 1, 1, 1, 1
0.348294458333333, 1, 0, 0, 1, 1, 1, 1, 1
0.348294500000000, 1, 0, 1, 1, 1, 1, 1, 1
0.348294541666667, 0, 0, 1, 1, 1, 1, 1, 1
0.348294583333333, 1, 0, 0, 1, 1, 1, 1, 1
0.348294625000000, 1, 0, 1, 1, 1, 1, 1, 1
0.348294666666667, 0, 0, 1, 1, 1, 1, 1, 1
0.348294708333333, 0, 0, 0, 1, 1, 1, 1, 1
0.348294750000000, 0, 0, 1, 1, 1, 1, 1, 1
0.348294833333333, 0, 0, 0, 1, 1, 1, 1, 1
0.348299791666667, 0, 1, 0, 1, 1, 1, 1, 1
0.348301541666667, 0, 0, 0, 1, 1, 1, 1, 1
0.348305458333333, 0, 0, 1, 1, 1, 1, 1, 1
0.348305541666667, 0, 0, 0, 1, 1, 1, 1, 1
0.348305583333333, 0, 0, 1, 1, 1, 1, 1, 1
0.348305666666667, 1, 0, 0, 1, 1, 1, 1, 1
0.348305708333333, 1, 0, 1, 1, 1, 1, 1, 1
0.348305750000000, 0, 0, 1, 1, 1, 1, 1, 1
0.348305791666667, 0, 0, 0, 1, 1, 1, 1, 1
0.348305833333333, 0, 0, 1, 1, 1, 1, 1, 1
0.348305916666667, 0, 0, 0, 1, 1, 1, 1, 1
0.348310875000000, 0, 1, 0, 1, 1, 1, 1, 1
0.348312625000000, 0, 0, 0, 1, 1, 1, 1, 1
0.348316541666667, 0, 0, 1, 1, 1, 1, 1, 1
0.348316625000000, 0, 0, 0, 1, 1, 1, 1, 1
0.348316666666667, 0, 0, 1, 1, 1, 1, 1, 1
0.348316750000000, 0, 0, 0, 1, 1, 1, 1, 1
0.348316791666667, 0, 0, 1, 1, 1, 1, 1, 1
0.348316833333333, 1, 0, 1, 1, 1, 1, 1, 1
0.348316875000000, 0, 0, 0, 1, 1, 1, 1, 1
0.348316916666667, 0, 0, 1, 1, 1, 1, 1, 1
0.348317000000000, 0, 0, 0, 1, 1, 1, 1, 1
0.348321958333333, 0, 1, 0, 1, 1, 1, 1, 1
0.348327375000000, 1, 1, 0, 1, 1, 1, 1, 1
0.348327500000000, 1, 1, 1, 1, 1, 1, 1, 1
0.348327583333333, 0, 1, 0, 1, 1, 1, 1, 1
0.348327625000000, 0, 1, 1, 1, 1, 1, 1, 1
0.348327708333333, 0, 1, 0, 1, 1, 1, 1, 1
0.348327750000000, 0, 1, 1, 1, 1, 1, 1, 1
0.348327833333333, 0, 1, 0, 1, 1, 1, 1, 1
0.348327875000000, 0, 1, 1, 1, 1, 1, 1, 1
0.348327916666667, 1, 1, 1, 1, 1, 1, 1, 1
0.348327958333333, 1, 1, 0, 1, 1, 1, 1, 1
0.348333750000000, 1, 0, 0, 1, 1, 1, 1, 1
0.348337625000000, 1, 0, 1, 1, 1, 1, 1, 1
0.348337666666667, 1, 0, 0, 1, 1, 1, 1, 1
0.348337708333333, 1, 0, 1, 1, 1, 1, 1, 1
0.348337750000000, 0, 0, 1, 1, 1, 1, 1, 1
0.348337791666667, 0, 0, 0, 1, 1, 1, 1, 1
0.348337833333333, 0, 0, 1, 1, 1, 1, 1, 1
0.348337916666667, 0, 0, 0, 1, 1, 1, 1, 1
0.348337958333333, 0, 0, 1, 1, 1, 1, 1, 1
0.348338041666667, 0, 0, 0, 1, 1, 1, 1, 1
0.348338083333333, 0, 0, 1, 1, 1, 1, 1, 1
0.348338125000000, 1, 0, 0, 1, 1, 1, 1, 1
0.348343041666667, 1, 1, 0, 1, 1, 1, 1, 1
0.348348583333333, 1, 1, 1, 1, 1, 1, 1, 1
0.348348625000000, 1, 1, 0, 1, 1, 1, 1, 1
0.348348666666667, 1, 1, 1, 1, 1, 1, 1, 1
0.348348708333333, 0, 1, 1, 1, 1, 1, 1, 1
0.348348750000000, 0, 1, 0, 1, 1, 1, 1, 1
0.348348791666667, 0, 1, 1, 1, 1, 1, 1, 1
0.348348875000000, 0, 1, 0, 1, 1, 1, 1, 1
0.348348916666667, 0, 1, 1, 1, 1, 1, 1, 1
0.348348958333333, 1, 1, 1, 1, 1, 1, 1, 1
0.348349000000000, 0, 1, 0, 1, 1, 1, 1, 1
0.348349041666667, 0, 1, 1, 1, 1, 1, 1, 1
0.348349083333333, 1, 1, 0, 1, 1, 1, 1, 1
0.348354833333333, 1, 0, 0, 1, 1, 1, 1, 1
0.348358625000000, 0, 0, 0, 1, 1, 1, 1, 1
0.348358791666667, 0, 0, 1, 1, 1, 1, 1, 1
0.348358833333333, 0, 0, 0, 1, 1, 1, 1, 1
0.348358916666667, 0, 0, 1, 1, 1, 1, 1, 1
0.348358958333333, 1, 0, 0, 1, 1, 1, 1, 1
0.348359041666667, 1, 0, 1, 1, 1, 1, 1, 1
0.348359083333333, 0, 0, 0, 1, 1, 1, 1, 1
0.348359125000000, 1, 0, 0, 1, 1, 1, 1, 1
0.348359166666667, 1, 0, 1, 1, 1, 1, 1, 1
0.348359208333333, 0, 0, 0, 1, 1, 1, 1, 1
0.348364166666667, 0, 1, 0, 1, 1, 1, 1, 1
0.348365916666667, 0, 0, 0, 1, 1, 1, 1, 1
0.348369875000000, 0, 0, 1, 1, 1, 1, 1, 1
0.348369916666667, 0, 0, 0, 1, 1, 1, 1, 1
0.348370000000000, 0, 0, 1, 1, 1, 1, 1, 1
0.348370041666667, 0, 0, 0, 1, 1, 1, 1, 1
0.348370125000000, 0, 0, 1, 1, 1, 1, 1, 1
0.348370166666667, 0, 0, 0, 1, 1, 1, 1, 1
0.348370250000000, 0, 0, 1, 1, 1, 1, 1, 1
0.348370291666667, 0, 0, 0, 1, 1, 1, 1, 1
0.348375250000000, 0, 1, 0, 1, 1, 1, 1, 1
0.348380666666667, 1, 1, 0, 1, 1, 1, 1, 1
0.348380833333333, 1, 1, 1, 1, 1, 1, 1, 1
0.348380875000000, 0, 1, 0, 1, 1, 1, 1, 1
0.348380958333333, 0, 1, 1, 1, 1, 1, 1, 1
0.348381000000000, 0, 1, 0, 1, 1, 1, 1, 1
0.348381083333333, 0, 1, 1, 1, 1, 1, 1, 1
0.348381125000000, 1, 1, 0, 1, 1, 1, 1, 1
0.348381208333333, 1, 1, 1, 1, 1, 1, 1, 1
0.348381250000000, 1, 1, 0, 1, 1, 1, 1, 1
0.348387041666667, 1, 0, 0, 1, 1, 1, 1, 1
0.348390916666667, 1, 0, 1, 1, 1, 1, 1, 1
0.348390958333333, 0, 0, 0, 1, 1, 1, 1, 1
0.348391041666667, 0, 0, 1, 1, 1, 1, 1, 1
0.348391083333333, 0, 0, 0, 1, 1, 1, 1, 1
0.348391125000000, 1, 0, 0, 1, 1, 1, 1, 1
0.348391166666667, 1, 0, 1, 1, 1, 1, 1, 1
0.348391208333333, 1, 0, 0, 1, 1, 1, 1, 1
0.348391250000000, 0, 0, 0, 1, 1, 1, 1, 1
0.348391291666667, 0, 0, 1, 1, 1, 1, 1, 1
0.348391333333333, 1, 0, 0, 1, 1, 1, 1, 1
0.348396333333333, 1, 1, 0, 1, 1, 1, 1, 1
0.348398125000000, 1, 0, 0, 1, 1, 1, 1, 1
0.348401875000000, 0, 0, 0, 1, 1, 1, 1, 1
0.348402000000000, 0, 0, 1, 1, 1, 1, 1, 1
0.348402041666667, 0, 0, 0, 1, 1, 1, 1, 1
0.348402083333333, 1, 0, 0, 1, 1, 1, 1, 1
0.348402125000000, 1, 0, 1, 1, 1, 1, 1, 1
0.348402166666667, 0, 0, 0, 1, 1, 1, 1, 1
0.348402208333333, 1, 0, 0, 1, 1, 1, 1, 1
0.348402250000000, 1, 0, 1, 1, 1, 1, 1, 1
0.348402291666667, 0, 0, 0, 1, 1, 1, 1, 1
0.348402333333333, 1, 0, 0, 1, 1, 1, 1, 1
0.348402375000000, 1, 0, 1, 1, 1, 1, 1, 1
0.348402416666667, 0, 0, 0, 1, 1, 1, 1, 1
0.348407416666667, 0, 1, 0, 1, 1, 1, 1, 1
0.348412833333333, 1, 1, 0, 1, 1, 1, 1, 1
0.348412958333333, 1, 1, 1, 1, 1, 1, 1, 1
0.348413000000000, 1, 1, 0, 1, 1, 1, 1, 1
0.348413041666667, 0, 1, 0, 1, 1, 1, 1, 1
0.348413083333333, 0, 1, 1, 1, 1, 1, 1, 1
0.348413125000000, 0, 1, 0, 1, 1, 1, 1, 1
0.348413208333333, 0, 1, 1, 1, 1, 1, 1, 1
0.348413250000000, 1, 1, 0, 1, 1, 1, 1, 1
0.348413291666667, 0, 1, 0, 1, 1, 1, 1, 1
0.348413333333333, 0, 1, 1, 1, 1, 1, 1, 1
0.348413375000000, 0, 1, 0, 1, 1, 1, 1, 1
0.348413416666667, 1, 1, 0, 1, 1, 1, 1, 1
0.348419208333333, 1, 0, 0, 1, 1, 1, 1, 1
0.348423083333333, 1, 0, 1, 1, 1, 1, 1, 1
0.348423125000000, 0, 0, 0, 1, 1, 1, 1, 1
0.348423166666667, 0, 0, 1, 1, 1, 1, 1, 1
0.348423250000000, 0, 0, 0, 1, 1, 1, 1, 1
0.348423291666667, 0, 0, 1, 1, 1, 1, 1, 1
0.348423333333333, 1, 0, 1, 1, 1, 1, 1, 1
0.348423375000000, 1, 0, 0, 1, 1, 1, 1, 1
0.348423416666667, 1, 0, 1, 1, 1, 1, 1, 1
0.348423458333333, 0, 0, 1, 1, 1, 1, 1, 1
0.348423500000000, 1, 0, 0, 1, 1, 1, 1, 1
0.348423541666667, 1, 0, 1, 1, 1, 1, 1, 1
0.348423583333333, 1, 0, 0, 1, 1, 1, 1, 1
0.348428500000000, 1, 1, 0, 1, 1, 1, 1, 1
0.348430291666667, 1, 0, 0, 1, 1, 1, 1, 1
0.348434166666667, 1, 0, 1, 1, 1, 1, 1, 1
0.348434208333333, 1, 0, 0, 1, 1, 1, 1, 1
0.348434250000000, 1, 0, 1, 1, 1, 1, 1, 1
0.348434333333333, 0, 0, 0, 1, 1, 1, 1, 1
0.348434375000000, 0, 0, 1, 1, 1, 1, 1, 1
0.348434416666667, 1, 0, 1, 1, 1, 1, 1, 1
0.348434458333333, 1, 0, 0, 1, 1, 1, 1, 1
0.348434500000000, 1, 0, 1, 1, 1, 1, 1, 1
0.348434583333333, 0, 0, 0, 1, 1, 1, 1, 1
0.348434625000000, 0, 0, 1, 1, 1, 1, 1, 1
0.348434666666667, 1, 0, 0, 1, 1, 1, 1, 1
0.348439583333333, 1, 1, 0, 1, 1, 1, 1, 1
0.348445125000000, 1, 1, 1, 1, 1, 1, 1, 1
0.348445166666667, 1, 1, 0, 1, 1, 1, 1, 1
0.348445208333333, 1, 1, 1, 1, 1, 1, 1, 1
0.348445250000000, 0, 1, 1, 1, 1, 1, 1, 1
0.348445291666667, 0, 1, 0, 1, 1, 1, 1, 1
0.348445333333333, 0, 1, 1, 1, 1, 1, 1, 1
0.348445416666667, 1, 1, 0, 1, 1, 1, 1, 1
0.348445458333333, 1, 1, 1, 1, 1, 1, 1, 1
0.348445500000000, 0, 1, 1, 1, 1, 1, 1, 1
0.348445541666667, 1, 1, 0, 1, 1, 1, 1, 1
0.348445583333333, 1, 1, 1, 1, 1, 1, 1, 1
0.348445625000000, 1, 1, 0, 1, 1, 1, 1, 1
0.348451375000000, 1, 0, 0, 1, 1, 1, 1, 1
0.348455166666667, 0, 0, 0, 1, 1, 1, 1, 1
0.348455333333333, 0, 0, 1, 1, 1, 1, 1, 1
0.348455375000000, 0, 0, 0, 1, 1, 1, 1, 1
0.348455416666667, 1, 0, 0, 1, 1, 1, 1, 1
0.348455458333333, 1, 0, 1, 1, 1, 1, 1, 1
0.348455500000000, 1, 0, 0, 1, 1, 1, 1, 1
0.348455583333333, 0, 0, 1, 1, 1, 1, 1, 1
0.348455625000000, 1, 0, 0, 1, 1, 1, 1, 1
0.348455708333333, 0, 0, 1, 1, 1, 1, 1, 1
0.348455750000000, 0, 0, 0, 1, 1, 1, 1, 1
0.348460708333333, 0, 1, 0, 1, 1, 1, 1, 1
0.348466291666667, 0, 1, 1, 1, 1, 1, 1, 1
0.348466333333333, 1, 1, 0, 1, 1, 1, 1, 1
0.348466416666667, 1, 1, 1, 1, 1, 1, 1, 1
0.348466458333333, 0, 1, 0, 1, 1, 1, 1, 1
0.348466500000000, 1, 1, 0, 1, 1, 1, 1, 1
0.348466541666667, 1, 1, 1, 1, 1, 1, 1, 1
0.348466583333333, 1, 1, 0, 1, 1, 1, 1, 1
0.348466625000000, 0, 1, 0, 1, 1, 1, 1, 1
0.348466666666667, 0, 1, 1, 1, 1, 1, 1, 1
0.348466708333333, 0, 1, 0, 1, 1, 1, 1, 1
0.348472500000000, 0, 0, 0, 1, 1, 1, 1, 1
0.348476250000000, 1, 0, 0, 1, 1, 1, 1, 1
0.348476375000000, 1, 0, 1, 1, 1, 1, 1, 1
0.348476458333333, 0, 0, 0, 1, 1, 1, 1, 1
0.348476500000000, 0, 0, 1, 1, 1, 1, 1, 1
0.348476541666667, 0, 0, 0, 1, 1, 1, 1, 1
0.348476625000000, 0, 0, 1, 1, 1, 1, 1, 1
0.348476708333333, 0, 0, 0, 1, 1, 1, 1, 1
0.348476750000000, 0, 0, 1, 1, 1, 1, 1, 1
0.348476791666667, 0, 0, 0, 1, 1, 1, 1, 1
0.348476833333333, 1, 0, 0, 1, 1, 1, 1, 1
0.348481791666667, 1, 1, 0, 1, 1, 1, 1, 1
0.348487333333333, 1, 1, 1, 1, 1, 1, 1, 1
0.348487416666667, 1, 1, 0, 1, 1, 1, 1, 1
0.348487458333333, 1, 1, 1, 1, 1, 1, 1, 1
0.348487500000000, 0, 1, 1, 1, 1, 1, 1, 1
0.348487541666667, 0, 1, 0, 1, 1, 1, 1, 1
0.348487583333333, 0, 1, 1, 1, 1, 1, 1, 1
0.348487666666667, 0, 1, 0, 1, 1, 1, 1, 1
0.348487708333333, 0, 1, 1, 1, 1, 1, 1, 1
0.348487791666667, 1, 1, 0, 1, 1, 1, 1, 1
0.348493583333333, 1, 0, 0, 1, 1, 1, 1, 1
0.348497333333333, 0, 0, 0, 1, 1, 1, 1, 1
0.348497458333333, 0, 0, 1, 1, 1, 1, 1, 1
0.348497500000000, 0, 0, 0, 1, 1, 1, 1, 1
0.348497541666667, 0, 0, 1, 1, 1, 1, 1, 1
0.348497625000000, 0, 0, 0, 1, 1, 1, 1, 1
0.348497666666667, 0, 0, 1, 1, 1, 1, 1, 1
0.348497750000000, 1, 0, 0, 1, 1, 1, 1, 1
0.348497791666667, 1, 0, 1, 1, 1, 1, 1, 1
0.348497833333333, 0, 0, 1, 1, 1, 1, 1, 1
0.348497875000000, 0, 0, 0, 1, 1, 1, 1, 1
0.348497916666667, 0, 0, 1, 1, 1, 1, 1, 1
0.348497958333333, 0, 0, 0, 1, 1, 1, 1, 1
0.348502875000000, 0, 1, 0, 1, 1, 1, 1, 1
0.348504666666667, 0, 0, 0, 1, 1, 1, 1, 1
0.348508541666667, 0, 0, 1, 1, 1, 1, 1, 1
0.348508583333333, 0, 0, 0, 1, 1, 1, 1, 1
0.348508625000000, 0, 0, 1, 1, 1, 1, 1, 1
0.348508666666667, 1, 0, 1, 1, 1, 1, 1, 1
0.348508708333333, 0, 0, 0, 1, 1, 1, 1, 1
0.348508750000000, 0, 0, 1, 1, 1, 1, 1, 1
0.348508833333333, 0, 0, 0, 1, 1, 1, 1, 1
0.348508875000000, 0, 0, 1, 1, 1, 1, 1, 1
0.348508916666667, 1, 0, 1, 1, 1, 1, 1, 1
0.348508958333333, 0, 0, 0, 1, 1, 1, 1, 1
0.348509000000000, 0, 0, 1, 1, 1, 1, 1, 1
0.348509041666667, 0, 0, 0, 1, 1, 1, 1, 1
0.348513958333333, 0, 1, 0, 1, 1, 1, 1, 1
0.348515750000000, 0, 0, 0, 1, 1, 1, 1, 1
0.348519625000000, 0, 0, 1, 1, 1, 1, 1, 1
0.348519666666667, 0, 0, 0, 1, 1, 1, 1, 1
0.348519708333333, 0, 0, 1, 1, 1, 1, 1, 1
0.348519791666667, 0, 0, 0, 1, 1, 1, 1, 1
0.348519833333333, 0, 0, 1, 1, 1, 1, 1, 1
0.348519916666667, 1, 0, 0, 1, 1, 1, 1, 1
0.348519958333333, 1, 0, 1, 1, 1, 1, 1, 1
0.348520041666667, 1, 0, 0, 1, 1, 1, 1, 1
0.348520083333333, 1, 0, 1, 1, 1, 1, 1, 1
0.348520125000000, 0, 0, 0, 1, 1, 1, 1, 1
0.348525083333333, 0, 1, 0, 1, 1, 1, 1, 1
0.348526833333333, 0, 0, 0, 1, 1, 1, 1, 1
0.348530791666667, 0, 0, 1, 1, 1, 1, 1, 1
0.348530833333333, 0, 0, 0, 1, 1, 1, 1, 1
0.348530916666667, 0, 0, 1, 1, 1, 1, 1, 1
0.348530958333333, 1, 0, 0, 1, 1, 1, 1, 1
0.348531000000000, 0, 0, 0, 1, 1, 1, 1, 1
0.348531041666667, 0, 0, 1, 1, 1, 1, 1, 1
0.348531083333333, 1, 0, 0, 1, 1, 1, 1, 1
0.348531125000000, 0, 0, 0, 1, 1, 1, 1, 1
0.348531166666667, 0, 0, 1, 1, 1, 1, 1, 1
0.348531208333333, 0, 0, 0, 1, 1, 1, 1, 1
0.348536166666667, 0, 1, 0, 1, 1, 1, 1, 1
0.348537916666667, 0, 0, 0, 1, 1, 1, 1, 1
0.348541875000000, 0, 0, 1, 1, 1, 1, 1, 1
0.348541916666667, 1, 0, 0, 1, 1, 1, 1, 1
0.348541958333333, 0, 0, 0, 1, 1, 1, 1, 1
0.348542000000000, 0, 0, 1, 1, 1, 1, 1, 1
0.348542041666667, 1, 0, 0, 1, 1, 1, 1, 1
0.348542125000000, 1, 0, 1, 1, 1, 1, 1, 1
0.348542166666667, 1, 0, 0, 1, 1, 1, 1, 1
0.348542208333333, 0, 0, 0, 1, 1, 1, 1, 1
0.348542250000000, 0, 0, 1, 1, 1, 1, 1, 1
0.348542291666667, 0, 0, 0, 1, 1, 1, 1, 1
0.348547250000000, 0, 1, 0, 1, 1, 1, 1, 1
0.348549000000000, 0, 0, 0, 1, 1, 1, 1, 1
0.348552958333333, 0, 0, 1, 1, 1, 1, 1, 1
0.348553000000000, 1, 0, 0, 1, 1, 1, 1, 1
0.348553083333333, 1, 0, 1, 1, 1, 1, 1, 1
0.348553125000000, 0, 0, 0, 1, 1, 1, 1, 1
0.348553208333333, 0, 0, 1, 1, 1, 1, 1, 1
0.348553250000000, 0, 0, 0, 1, 1, 1, 1, 1
0.348553333333333, 0, 0, 1, 1, 1, 1, 1, 1
0.348553375000000, 0, 0, 0, 1, 1, 1, 1, 1
0.348558333333333, 0, 1, 0, 1, 1, 1, 1, 1
0.348560083333333, 0, 0, 0, 1, 1, 1, 1, 1
0.348564041666667, 0, 0, 1, 1, 1, 1, 1, 1
0.348564083333333, 1, 0, 0, 1, 1, 1, 1, 1
0.348564166666667, 0, 0, 1, 1, 1, 1, 1, 1
0.348564208333333, 0, 0, 0, 1, 1, 1, 1, 1
0.348564250000000, 1, 0, 0, 1, 1, 1, 1, 1
0.348564291666667, 1, 0, 1, 1, 1, 1, 1, 1
0.348564333333333, 0, 0, 0, 1, 1, 1, 1, 1
0.348564375000000, 1, 0, 0, 1, 1, 1, 1, 1
0.348564416666667, 1, 0, 1, 1, 1, 1, 1, 1
0.348564458333333, 0, 0, 0, 1, 1, 1, 1, 1
0.348569416666667, 0, 1, 0, 1, 1, 1, 1, 1
0.348571166666667, 0, 0, 0, 1, 1, 1, 1, 1
0.348575125000000, 0, 0, 1, 1, 1, 1, 1, 1
0.348575166666667, 1, 0, 0, 1, 1, 1, 1, 1
0.348575250000000, 0, 0, 1, 1, 1, 1, 1, 1
0.348575291666667, 1, 0, 0, 1, 1, 1, 1, 1
0.348575375000000, 0, 0, 1, 1, 1, 1, 1, 1
0.348575416666667, 1, 0, 0, 1, 1, 1, 1, 1
0.348575500000000, 0, 0, 1, 1, 1, 1, 1, 1
0.348575541666667, 0, 0, 0, 1, 1, 1, 1, 1
0.348580500000000, 0, 1, 0, 1, 1, 1, 1, 1
0.348582250000000, 0, 0, 0, 1, 1, 1, 1, 1
0.348586208333333, 0, 0, 1, 1, 1, 1, 1, 1
0.348586250000000, 1, 0, 0, 1, 1, 1, 1, 1
0.348586333333333, 0, 0, 1, 1, 1, 1, 1, 1
0.348586375000000, 1, 0, 0, 1, 1, 1, 1, 1
0.348586458333333, 0, 0, 1, 1, 1, 1, 1, 1
0.348586500000000, 0, 0, 0, 1, 1, 1, 1, 1
0.348586583333333, 0, 0, 1, 1, 1, 1, 1, 1
0.348586625000000, 0, 0, 0, 1, 1, 1, 1, 1
0.348591583333333, 0, 1, 0, 1, 1, 1, 1, 1
0.348593333333333, 0, 0, 0, 1, 1, 1, 1, 1
0.348597291666667, 0, 0, 1, 1, 1, 1, 1, 1
0.348597333333333, 1, 0, 0, 1, 1, 1, 1, 1
0.348597416666667, 0, 0, 1, 1, 1, 1, 1, 1
0.348597458333333, 0, 0, 0, 1, 1, 1, 1, 1
0.348597500000000, 0, 0, 1, 1, 1, 1, 1, 1
0.348597541666667, 1, 0, 1, 1, 1, 1, 1, 1
0.348597583333333, 1, 0, 0, 1, 1, 1, 1, 1
0.348597625000000, 1, 0, 1, 1, 1, 1, 1, 1
0.348597666666667, 0, 0, 1, 1, 1, 1, 1, 1
0.348597708333333, 0, 0, 0, 1, 1, 1, 1, 1
0.348602666666667, 0, 1, 0, 1, 1, 1, 1, 1
0.348604416666667, 0, 0, 0, 1, 1, 1, 1, 1
0.348608375000000, 0, 0, 1, 1, 1, 1, 1, 1
0.348608416666667, 1, 0, 0, 1, 1, 1, 1, 1
0.348608500000000, 0, 0, 1, 1, 1, 1, 1, 1
0.348608541666667, 1, 0, 0, 1, 1, 1, 1, 1
0.348608625000000, 1, 0, 1, 1, 1, 1, 1, 1
0.348608666666667, 1, 0, 0, 1, 1, 1, 1, 1
0.348608708333333, 1, 0, 1, 1, 1, 1, 1, 1
0.348608750000000, 0, 0, 1, 1, 1, 1, 1, 1
0.348608791666667, 0, 0, 0, 1, 1, 1, 1, 1
0.348613750000000, 0, 1, 0, 1, 1, 1, 1, 1
0.348615500000000, 0, 0, 0, 1, 1, 1, 1, 1
0.348619458333333, 0, 0, 1, 1, 1, 1, 1, 1
0.348619500000000, 1, 0, 0, 1, 1, 1, 1, 1
0.348619583333333, 1, 0, 1, 1, 1, 1, 1, 1
0.348619625000000, 1, 0, 0, 1, 1, 1, 1, 1
0.348619666666667, 1, 0, 1, 1, 1, 1, 1, 1
0.348619708333333, 0, 0, 1, 1, 1, 1, 1, 1
0.348619750000000, 1, 0, 0, 1, 1, 1, 1, 1
0.348619791666667, 1, 0, 1, 1, 1, 1, 1, 1
0.348619833333333, 0, 0, 1, 1, 1, 1, 1, 1
0.348619875000000, 0, 0, 0, 1, 1, 1, 1, 1
0.348624833333333, 0, 1, 0, 1, 1, 1, 1, 1
0.348626583333333, 0, 0, 0, 1, 1, 1, 1, 1
0.348630541666667, 0, 0, 1, 1, 1, 1, 1, 1
0.348630583333333, 0, 0, 0, 1, 1, 1, 1, 1
0.348630666666667, 0, 0, 1, 1, 1, 1, 1, 1
0.348630708333333, 0, 0, 0, 1, 1, 1, 1, 1
0.348630791666667, 0, 0, 1, 1, 1, 1, 1, 1
0.348630833333333, 0, 0, 0, 1, 1, 1, 1, 1
0.348630916666667, 0, 0, 1, 1, 1, 1, 1, 1
0.348630958333333, 0, 0, 0, 1, 1, 1, 1, 1
0.348635916666667, 0, 1, 0, 1, 1, 1, 1, 1
0.348637666666667, 0, 0, 0, 1, 1, 1, 1, 1
0.348641625000000, 0, 0, 1, 1, 1, 1, 1, 1
0.348641666666667, 0, 0, 0, 1, 1, 1, 1, 1
0.348641750000000, 0, 0, 1, 1, 1, 1, 1, 1
0.348641791666667, 0, 0, 0, 1, 1, 1, 1, 1
0.348641875000000, 0, 0, 1, 1, 1, 1, 1, 1
0.348641916666667, 0, 0, 0, 1, 1, 1, 1, 1
0.348641958333333, 1, 0, 0, 1, 1, 1, 1, 1
0.348642000000000, 1, 0, 1, 1, 1, 1, 1, 1
0.348642041666667, 0, 0, 0, 1, 1, 1, 1, 1
0.348647000000000, 0, 1, 0, 1, 1, 1, 1, 1
0.348648750000000, 0, 0, 0, 1, 1, 1, 1, 1
0.348652708333333, 0, 0, 1, 1, 1, 1, 1, 1
0.348652750000000, 0, 0, 0, 1, 1, 1, 1, 1
0.348652833333333, 0, 0, 1, 1, 1, 1, 1, 1
0.348652875000000, 0, 0, 0, 1, 1, 1, 1, 1
0.348652958333333, 0, 0, 1, 1, 1, 1, 1, 1
0.348653000000000, 1, 0, 0, 1, 1, 1, 1, 1
0.348653083333333, 1, 0, 1, 1, 1, 1, 1, 1
0.348653125000000, 0, 0, 0, 1, 1, 1, 1, 1
0.348658083333333, 0, 1, 0, 1, 1, 1, 1, 1
0.348659833333333, 0, 0, 0, 1, 1, 1, 1, 1
0.348663791666667, 0, 0, 1, 1, 1, 1, 1, 1
0.348663833333333, 0, 0, 0, 1, 1, 1, 1, 1
0.348663875000000, 1, 0, 0, 1, 1, 1, 1, 1
0.348663916666667, 1, 0, 1, 1, 1, 1, 1, 1
0.348663958333333, 0, 0, 0, 1, 1, 1, 1, 1
0.348664041666667, 0, 0, 1, 1, 1, 1, 1, 1
0.348664083333333, 1, 0, 0, 1, 1, 1, 1, 1
0.348664166666667, 1, 0, 1, 1, 1, 1, 1, 1
0.348664208333333, 0, 0, 0, 1, 1, 1, 1, 1
0.348669166666667, 0, 1, 0, 1, 1, 1, 1, 1
0.348674583333333, 1, 1, 0, 1, 1, 1, 1, 1
0.348674750000000, 1, 1, 1, 1, 1, 1, 1, 1
0.348674791666667, 1, 1, 0, 1, 1, 1, 1, 1
0.348674875000000, 0, 1, 1, 1, 1, 1, 1, 1
0.348674916666667, 0, 1, 0, 1, 1, 1, 1, 1
0.348675000000000, 0, 1, 1, 1, 1, 1, 1, 1
0.348675041666667, 0, 1, 0, 1, 1, 1, 1, 1
0.348675083333333, 1, 1, 0, 1, 1, 1, 1, 1
0.348675125000000, 1, 1, 1, 1, 1, 1, 1, 1
0.348675166666667, 1, 1, 0, 1, 1, 1, 1, 1
0.348680958333333, 1, 0, 0, 1, 1, 1, 1, 1
0.348684708333333, 0, 0, 0, 1, 1, 1, 1, 1
0.348684833333333, 0, 0, 1, 1, 1, 1, 1, 1
0.348684875000000, 0, 0, 0, 1, 1, 1, 1, 1
0.348684958333333, 0, 0, 1, 1, 1, 1, 1, 1
0.348685000000000, 0, 0, 0, 1, 1, 1, 1, 1
0.348685083333333, 0, 0, 1, 1, 1, 1, 1, 1
0.348685125000000, 1, 0, 0, 1, 1, 1, 1, 1
0.348685166666667, 0, 0, 0, 1, 1, 1, 1, 1
0.348685208333333, 0, 0, 1, 1, 1, 1, 1, 1
0.348685250000000, 0, 0, 0, 1, 1, 1, 1, 1
0.348690250000000, 0, 1, 0, 1, 1, 1, 1, 1
0.348692041666667, 0, 0, 0, 1, 1, 1, 1, 1
0.348695916666667, 0, 0, 1, 1, 1, 1, 1, 1
0.348695958333333, 0, 0, 0, 1, 1, 1, 1, 1
0.348696041666667, 0, 0, 1, 1, 1, 1, 1, 1
0.348696083333333, 1, 0, 0, 1, 1, 1, 1, 1
0.348696125000000, 0, 0, 0, 1, 1, 1, 1, 1
0.348696166666667, 0, 0, 1, 1, 1, 1, 1, 1
0.348696208333333, 1, 0, 0, 1, 1, 1, 1, 1
0.348696291666667, 1, 0, 1, 1, 1, 1, 1, 1
0.348696333333333, 0, 0, 0, 1, 1, 1, 1, 1
0.348701333333333, 0, 1, 0, 1, 1, 1, 1, 1
0.348703125000000, 0, 0, 0, 1, 1, 1, 1, 1
0.348707000000000, 0, 0, 1, 1, 1, 1, 1, 1
0.348707041666667, 0, 0, 0, 1, 1, 1, 1, 1
0.348707125000000, 0, 0, 1, 1, 1, 1, 1, 1
0.348707166666667, 0, 0, 0, 1, 1, 1, 1, 1
0.348707250000000, 0, 0, 1, 1, 1, 1, 1, 1
0.348707291666667, 1, 0, 0, 1, 1, 1, 1, 1
0.348707375000000, 1, 0, 1, 1, 1, 1, 1, 1
0.348707416666667, 0, 0, 0, 1, 1, 1, 1, 1
0.348712416666667, 0, 1, 0, 1, 1, 1, 1, 1
0.348714208333333, 0, 0, 0, 1, 1, 1, 1, 1
0.348718083333333, 0, 0, 1, 1, 1, 1, 1, 1
0.348718125000000, 0, 0, 0, 1, 1, 1, 1, 1
0.348718208333333, 0, 0, 1, 1, 1, 1, 1, 1
0.348718250000000, 0, 0, 0, 1, 1, 1, 1, 1
0.348718291666667, 1, 0, 0, 1, 1, 1, 1, 1
0.348718333333333, 1, 0, 1, 1, 1, 1, 1, 1
0.348718375000000, 1, 0, 0, 1, 1, 1, 1, 1
0.348718416666667, 0, 0, 0, 1, 1, 1, 1, 1
0.348718458333333, 0, 0, 1, 1, 1, 1, 1, 1
0.348718500000000, 1, 0, 0, 1, 1, 1, 1, 1
0.348718541666667, 0, 0, 0, 1, 1, 1, 1, 1
0.348723500000000, 0, 1, 0, 1, 1, 1, 1, 1
0.348725291666667, 0, 0, 0, 1, 1, 1, 1, 1
0.348729166666667, 0, 0, 1, 1, 1, 1, 1, 1
0.348729208333333, 0, 0, 0, 1, 1, 1, 1, 1
0.348729250000000, 1, 0, 0, 1, 1, 1, 1, 1
0.348729291666667, 1, 0, 1, 1, 1, 1, 1, 1
0.348729333333333, 0, 0, 0, 1, 1, 1, 1, 1
0.348729375000000, 1, 0, 0, 1, 1, 1, 1, 1
0.348729416666667, 1, 0, 1, 1, 1, 1, 1, 1
0.348729458333333, 1, 0, 0, 1, 1, 1, 1, 1
0.348729500000000, 0, 0, 0, 1, 1, 1, 1, 1
0.348729541666667, 0, 0, 1, 1, 1, 1, 1, 1
0.348729583333333, 1, 0, 0, 1, 1, 1, 1, 1
0.348729625000000, 0, 0, 0, 1, 1, 1, 1, 1
0.348734583333333, 0, 1, 0, 1, 1, 1, 1, 1
0.348736375000000, 0, 0, 0, 1, 1, 1, 1, 1
0.348740250000000, 0, 0, 1, 1, 1, 1, 1, 1
0.348740291666667, 0, 0, 0, 1, 1, 1, 1, 1
0.348740333333333, 1, 0, 0, 1, 1, 1, 1, 1
0.348740375000000, 1, 0, 1, 1, 1, 1, 1, 1
0.348740416666667, 0, 0, 0, 1, 1, 1, 1, 1
0.348740500000000, 0, 0, 1, 1, 1, 1, 1, 1
0.348740541666667, 1, 0, 0, 1, 1, 1, 1, 1
0.348740625000000, 1, 0, 1, 1, 1, 1, 1, 1
0.348740666666667, 0, 0, 0, 1, 1, 1, 1, 1
0.348745666666667, 0, 1, 0, 1, 1, 1, 1, 1
0.348747458333333, 0, 0, 0, 1, 1, 1, 1, 1
0.348751333333333, 0, 0, 1, 1, 1, 1, 1, 1
0.348751375000000, 0, 0, 0, 1, 1, 1, 1, 1
0.348751416666667, 1, 0, 0, 1, 1, 1, 1, 1
0.348751458333333, 1, 0, 1, 1, 1, 1, 1, 1
0.348751500000000, 0, 0, 0, 1, 1, 1, 1, 1
0.348751583333333, 0, 0, 1, 1, 1, 1, 1, 1
0.348751625000000, 0, 0, 0, 1, 1, 1, 1, 1
0.348751666666667, 1, 0, 0, 1, 1, 1, 1, 1
0.348751708333333, 1, 0, 1, 1, 1, 1, 1, 1
0.348751750000000, 1, 0, 0, 1, 1, 1, 1, 1
0.348751791666667, 0, 0, 0, 1, 1, 1, 1, 1
0.348756750000000, 0, 1, 0, 1, 1, 1, 1, 1
0.348758541666667, 0, 0, 0, 1, 1, 1, 1, 1
0.348762416666667, 0, 0, 1, 1, 1, 1, 1, 1
0.348762458333333, 0, 0, 0, 1, 1, 1, 1, 1
0.348762500000000, 1, 0, 0, 1, 1, 1, 1, 1
0.348762541666667, 1, 0, 1, 1, 1, 1, 1, 1
0.348762583333333, 0, 0, 0, 1, 1, 1, 1, 1
0.348762666666667, 0, 0, 1, 1, 1, 1, 1, 1
0.348762708333333, 1, 0, 0, 1, 1, 1, 1, 1
0.348762791666667, 1, 0, 1, 1, 1, 1, 1, 1
0.348762833333333, 1, 0, 0, 1, 1, 1, 1, 1
0.348762875000000, 0, 0, 0, 1, 1, 1, 1, 1
0.348767833333333, 0, 1, 0, 1, 1, 1, 1, 1
0.348769625000000, 0, 0, 0, 1, 1, 1, 1, 1
0.348773500000000, 0, 0, 1, 1, 1, 1, 1, 1
0.348773541666667, 0, 0, 0, 1, 1, 1, 1, 1
0.348773583333333, 1, 0, 0, 1, 1, 1, 1, 1
0.348773625000000, 1, 0, 1, 1, 1, 1, 1, 1
0.348773666666667, 0, 0, 0, 1, 1, 1, 1, 1
0.348773750000000, 0, 0, 1, 1, 1, 1, 1, 1
0.348773791666667, 1, 0, 0, 1, 1, 1, 1, 1
0.348773875000000, 1, 0, 1, 1, 1, 1, 1, 1
0.348773916666667, 1, 0, 0, 1, 1, 1, 1, 1
0.348773958333333, 0, 0, 0, 1, 1, 1, 1, 1
0.348778916666667, 0, 1, 0, 1, 1, 1, 1, 1
0.348780666666667, 0, 0, 0, 1, 1, 1, 1, 1
0.348784583333333, 0, 0, 1, 1, 1, 1, 1, 1
0.348784666666667, 1, 0, 0, 1, 1, 1, 1, 1
0.348784708333333, 1, 0, 1, 1, 1, 1, 1, 1
0.348784750000000, 0, 0, 1, 1, 1, 1, 1, 1
0.348784791666667, 0, 0, 0, 1, 1, 1, 1, 1
0.348784833333333, 0, 0, 1, 1, 1, 1, 1, 1
0.348784875000000, 1, 0, 1, 1, 1, 1, 1, 1
0.348784916666667, 0, 0, 0, 1, 1, 1, 1, 1
0.348784958333333, 0, 0, 1, 1, 1, 1, 1, 1
0.348785000000000, 1, 0, 1, 1, 1, 1, 1, 1
0.348785041666667, 0, 0, 0, 1, 1, 1, 1, 1
0.348790000000000, 0, 1, 0, 1, 1, 1, 1, 1
0.348791750000000, 0, 0, 0, 1, 1, 1, 1, 1
0.348795666666667, 0, 0, 1, 1, 1, 1, 1, 1
0.348795750000000, 1, 0, 0, 1, 1, 1, 1, 1
0.348795791666667, 1, 0, 1, 1, 1, 1, 1, 1
0.348795833333333, 0, 0, 0, 1, 1, 1, 1, 1
0.348795875000000, 1, 0, 0, 1, 1, 1, 1, 1
0.348795916666667, 1, 0, 1, 1, 1, 1, 1, 1
0.348795958333333, 1, 0, 0, 1, 1, 1, 1, 1
0.348796000000000, 0, 0, 0, 1, 1, 1, 1, 1
0.348796041666667, 0, 0, 1, 1, 1, 1, 1, 1
0.348796083333333, 1, 0, 0, 1, 1, 1, 1, 1
0.348796125000000, 0, 0, 0, 1, 1, 1, 1, 1
0.348801083333333, 0, 1, 0, 1, 1, 1, 1, 1
0.348802875000000, 0, 0, 0, 1, 1, 1, 1, 1
0.348806750000000, 0, 0, 1, 1, 1, 1, 1, 1
0.348806791666667, 0, 0, 0, 1, 1, 1, 1, 1
0.348806833333333, 1, 0, 0, 1, 1, 1, 1, 1
0.348806875000000, 1, 0, 1, 1, 1, 1, 1, 1
0.348806916666667, 1, 0, 0, 1, 1, 1, 1, 1
0.348807000000000, 1, 0, 1, 1, 1, 1, 1, 1
0.348807041666667, 0, 0, 0, 1, 1, 1, 1, 1
0.348807083333333, 1, 0, 0, 1, 1, 1, 1, 1
0.348807125000000, 1, 0, 1, 1, 1, 1, 1, 1
0.348807166666667, 1, 0, 0, 1, 1, 1, 1, 1
0.348807208333333, 0, 0, 0, 1, 1, 1, 1, 1
0.348812166666667, 0, 1, 0, 1, 1, 1, 1, 1
0.348813958333333, 0, 0, 0, 1, 1, 1, 1, 1
0.348817833333333, 0, 0, 1, 1, 1, 1, 1, 1
0.348817875000000, 0, 0, 0, 1, 1, 1, 1, 1
0.348817958333333, 0, 0, 1, 1, 1, 1, 1, 1
0.348818000000000, 0, 0, 0, 1, 1, 1, 1, 1
0.348818083333333, 0, 0, 1, 1, 1, 1, 1, 1
0.348818125000000, 0, 0, 0, 1, 1, 1, 1, 1
0.348818208333333, 0, 0, 1, 1, 1, 1, 1, 1
0.348818250000000, 0, 0, 0, 1, 1, 1, 1, 1
0.348823250000000, 0, 1, 0, 1, 1, 1, 1, 1
0.348825041666667, 0, 0, 0, 1, 1, 1, 1, 1
0.348828916666667, 0, 0, 1, 1, 1, 1, 1, 1
0.348828958333333, 0, 0, 0, 1, 1, 1, 1, 1
0.348829041666667, 0, 0, 1, 1, 1, 1, 1, 1
0.348829083333333, 0, 0, 0, 1, 1, 1, 1, 1
0.348829166666667, 0, 0, 1, 1, 1, 1, 1, 1
0.348829208333333, 0, 0, 0, 1, 1, 1, 1, 1
0.348829291666667, 0, 0, 1, 1, 1, 1, 1, 1
0.348829333333333, 1, 0, 0, 1, 1, 1, 1, 1
0.348829375000000, 0, 0, 0, 1, 1, 1, 1, 1
0.348834333333333, 0, 1, 0, 1, 1, 1, 1, 1
0.348836083333333, 0, 0, 0, 1, 1, 1, 1, 1
0.348840000000000, 0, 0, 1, 1, 1, 1, 1, 1
0.348840083333333, 0, 0, 0, 1, 1, 1, 1, 1
0.348840125000000, 0, 0, 1, 1, 1, 1, 1, 1
0.348840208333333, 0, 0, 0, 1, 1, 1, 1, 1
0.348840250000000, 0, 0, 1, 1, 1, 1, 1, 1
0.348840291666667, 1, 0, 1, 1, 1, 1, 1, 1
0.348840333333333, 0, 0, 0, 1, 1, 1, 1, 1
0.348840375000000, 0, 0, 1, 1, 1, 1, 1, 1
0.348840458333333, 0, 0, 0, 1, 1, 1, 1, 1
0.348845416666667, 0, 1, 0, 1, 1, 1, 1, 1
0.348847166666667, 0, 0, 0, 1, 1, 1, 1, 1
0.348851083333333, 0, 0, 1, 1, 1, 1, 1, 1
0.348851166666667, 0, 0, 0, 1, 1, 1, 1, 1
0.348851208333333, 0, 0, 1, 1, 1, 1, 1, 1
0.348851250000000, 1, 0, 1, 1, 1, 1, 1, 1
0.348851291666667, 0, 0, 0, 1, 1, 1, 1, 1
0.348851333333333, 0, 0, 1, 1, 1, 1, 1, 1
0.348851416666667, 1, 0, 0, 1, 1, 1, 1, 1
0.348851458333333, 1, 0, 1, 1, 1, 1, 1, 1
0.348851541666667, 0, 0, 0, 1, 1, 1, 1, 1
0.348856500000000, 0, 1, 0, 1, 1, 1, 1, 1
0.348862041666667, 0, 1, 1, 1, 1, 1, 1, 1
0.348862125000000, 1, 1, 0, 1, 1, 1, 1, 1
0.348862166666667, 1, 1, 1, 1, 1, 1, 1, 1
0.348862250000000, 1, 1, 0, 1, 1, 1, 1, 1
0.348862291666667, 1, 1, 1, 1, 1, 1, 1, 1
0.348862333333333, 0, 1, 1, 1, 1, 1, 1, 1
0.348862375000000, 1, 1, 0, 1, 1, 1, 1, 1
0.348862416666667, 1, 1, 1, 1, 1, 1, 1, 1
0.348862458333333, 0, 1, 1, 1, 1, 1, 1, 1
0.348862500000000, 0, 1, 0, 1, 1, 1, 1, 1
0.348868291666667, 0, 0, 0, 1, 1, 1, 1, 1
0.348872166666667, 0, 0, 1, 1, 1, 1, 1, 1
0.348872208333333, 0, 0, 0, 1, 1, 1, 1, 1
0.348872291666667, 0, 0, 1, 1, 1, 1, 1, 1
0.348872333333333, 0, 0, 0, 1, 1, 1, 1, 1
0.348872416666667, 0, 0, 1, 1, 1, 1, 1, 1
0.348872458333333, 1, 0, 0, 1, 1, 1, 1, 1
0.348872541666667, 0, 0, 1, 1, 1, 1, 1, 1
0.348872583333333, 1, 0, 0, 1, 1, 1, 1, 1
0.348872666666667, 0, 0, 0, 1, 1, 1, 1, 1
0.348877583333333, 0, 1, 0, 1, 1, 1, 1, 1
0.348883125000000, 0, 1, 1, 1, 1, 1, 1, 1
0.348883166666667, 0, 1, 0, 1, 1, 1, 1, 1
0.348883208333333, 1, 1, 0, 1, 1, 1, 1, 1
0.348883250000000, 1, 1, 1, 1, 1, 1, 1, 1
0.348883291666667, 0, 1, 0, 1, 1, 1, 1, 1
0.348883375000000, 1, 1, 1, 1, 1, 1, 1, 1
0.348883416666667, 0, 1, 0, 1, 1, 1, 1, 1
0.348883500000000, 0, 1, 1, 1, 1, 1, 1, 1
0.348883541666667, 1, 1, 0, 1, 1, 1, 1, 1
0.348883625000000, 0, 1, 0, 1, 1, 1, 1, 1
0.348889291666667, 0, 0, 0, 1, 1, 1, 1, 1
0.348893041666667, 1, 0, 0, 1, 1, 1, 1, 1
0.348893166666667, 1, 0, 1, 1, 1, 1, 1, 1
0.348893208333333, 0, 0, 0, 1, 1, 1, 1, 1
0.348893250000000, 0, 0, 1, 1, 1, 1, 1, 1
0.348893291666667, 1, 0, 1, 1, 1, 1, 1, 1
0.348893333333333, 0, 0, 0, 1, 1, 1, 1, 1
0.348893375000000, 0, 0, 1, 1, 1, 1, 1, 1
0.348893416666667, 1, 0, 1, 1, 1, 1, 1, 1
0.348893458333333, 0, 0, 0, 1, 1, 1, 1, 1
0.348893500000000, 0, 0, 1, 1, 1, 1, 1, 1
0.348893541666667, 1, 0, 1, 1, 1, 1, 1, 1
0.348893583333333, 0, 0, 0, 1, 1, 1, 1, 1
0.348893625000000, 0, 0, 1, 1, 1, 1, 1, 1
0.348893666666667, 1, 0, 0, 1, 1, 1, 1, 1
0.348898583333333, 1, 1, 0, 1, 1, 1, 1, 1
0.481070750000000, 1, 1, 1, 1, 1, 1, 1, 1
